Account_ID,Account_Name,Stripe_ID,Email,Phone_Number,Closed_Contract_Date
SAL0906,Jamie Smith,PAY0713,jamiesmith@example.com,+91 5428082088,2024-01-01
SAL0840,Jordan Davis,PAY0621,jordandavis@example.com,+84 9116428507,2024-01-02
SAL0676,Taylor Brown,PAY0012,taylorbrown@example.com,+21 1230020161,2024-01-03
SAL0877,Jamie Thomas,PAY0952,jamiethomas@example.com,+43 6110943464,2024-01-04
SAL0244,Jamie Jackson,PAY0295,jamiejackson@example.com,+90 7614788357,2024-01-05
SAL0773,Robin Smith,PAY0562,robinsmith@example.com,+85 6504099682,2024-01-06
SAL0034,Alex Johnson,PAY0784,alexjohnson@example.com,+31 1411955771,2024-01-07
SAL0260,Taylor Davis,PAY0559,taylordavis@example.com,+51 8902114913,2024-01-08
SAL0230,Avery Jackson,PAY0201,averyjackson@example.com,+20 5529063864,2024-01-09
SAL0765,Alex Thomas,PAY0861,alexthomas@example.com,+1 2836553621,2024-01-10
SAL0664,Taylor Thomas,PAY0978,taylorthomas@example.com,+38 3062994753,2024-01-11
SAL0366,Robin Davis,PAY0496,robindavis@example.com,+13 1110533960,2024-01-12
SAL0810,Riley Jackson,PAY0975,rileyjackson@example.com,+22 8035975297,2024-01-13
SAL0160,Jordan Smith,PAY0095,jordansmith@example.com,+11 5791074361,2024-01-14
SAL0761,Morgan Taylor,PAY0536,morgantaylor@example.com,+51 7317658317,2024-01-15
SAL0724,Casey Wilson,PAY0506,caseywilson@example.com,+85 2138185235,2024-01-16
SAL0547,Morgan Davis,PAY0066,morgandavis@example.com,+83 7631970791,2024-01-17
SAL0143,Casey Johnson,PAY0638,caseyjohnson@example.com,+24 6933261892,2024-01-18
SAL0086,Jamie Taylor,PAY0826,jamietaylor@example.com,+24 2914590233,2024-01-19
SAL0875,Jamie Moore,PAY0797,jamiemoore@example.com,+34 7183638017,2024-01-20
SAL0994,Casey Jackson,PAY0058,caseyjackson@example.com,+34 1264739091,2024-01-21
SAL0595,Jordan Smith,PAY0236,jordansmith@example.com,+97 1415334610,2024-01-22
SAL0815,Riley Thomas,PAY0190,rileythomas@example.com,+86 7620473079,2024-01-23
SAL0711,Jamie Taylor,PAY0922,jamietaylor@example.com,+97 3532855799,2024-01-24
SAL0674,Jamie Thomas,PAY0772,jamiethomas@example.com,+71 7539441086,2024-01-25
SAL0703,Jordan Jackson,PAY0884,jordanjackson@example.com,+69 9316609031,2024-01-26
SAL0746,Casey Jackson,PAY0059,caseyjackson@example.com,+74 4786674545,2024-01-27
SAL0328,Taylor Johnson,PAY0035,taylorjohnson@example.com,+61 2283560032,2024-01-28
SAL0747,Alex Davis,PAY0827,alexdavis@example.com,+51 4067919621,2024-01-29
SAL0776,Jordan Johnson,PAY0229,jordanjohnson@example.com,+65 1633282877,2024-01-30
SAL0163,Taylor Johnson,PAY0773,taylorjohnson@example.com,+97 2928610987,2024-01-31
SAL0943,Robin Wilson,PAY0665,robinwilson@example.com,+22 5175416378,2024-02-01
SAL0068,Riley Moore,PAY0113,rileymoore@example.com,+25 1541964762,2024-02-02
SAL0623,Morgan Moore,PAY0875,morganmoore@example.com,+55 8228968839,2024-02-03
SAL0352,Casey Davis,PAY0838,caseydavis@example.com,+26 3693916084,2024-02-04
SAL0016,Jordan Johnson,PAY0176,jordanjohnson@example.com,+77 6402580787,2024-02-05
SAL0182,Quinn Brown,PAY0599,quinnbrown@example.com,+94 1287814151,2024-02-06
SAL0073,Avery Davis,PAY1000,averydavis@example.com,+50 7684533347,2024-02-07
SAL0350,Morgan Anderson,PAY0025,morgananderson@example.com,+71 4751509023,2024-02-08
SAL0850,Robin Wilson,PAY0478,robinwilson@example.com,+90 2802141793,2024-02-09
SAL0642,Avery Davis,PAY0647,averydavis@example.com,+54 1642708893,2024-02-10
SAL0954,Casey Smith,PAY0824,caseysmith@example.com,+73 5035765954,2024-02-11
SAL0788,Taylor Smith,PAY0182,taylorsmith@example.com,+14 7059726570,2024-02-12
SAL0312,Casey Taylor,PAY0931,caseytaylor@example.com,+50 8107258941,2024-02-13
SAL0013,Jordan Johnson,PAY0639,jordanjohnson@example.com,+74 7910439839,2024-02-14
SAL0045,Taylor Jackson,PAY0750,taylorjackson@example.com,+5 6034559492,2024-02-15
SAL0498,Casey Davis,PAY0204,caseydavis@example.com,+52 8274219704,2024-02-16
SAL0189,Riley Taylor,PAY0180,rileytaylor@example.com,+5 9070061596,2024-02-17
SAL0701,Riley Brown,PAY0505,rileybrown@example.com,+89 2020395327,2024-02-18
SAL0845,Jordan Brown,PAY0974,jordanbrown@example.com,+96 2599620611,2024-02-19
SAL0549,Taylor Thomas,PAY0581,taylorthomas@example.com,+44 6596578419,2024-02-20
SAL0749,Avery Wilson,PAY0022,averywilson@example.com,+36 8914965741,2024-02-21
SAL0235,Quinn Taylor,PAY0730,quinntaylor@example.com,+90 3941417062,2024-02-22
SAL0545,Quinn Taylor,PAY0196,quinntaylor@example.com,+30 5872148707,2024-02-23
SAL0343,Casey Davis,PAY0423,caseydavis@example.com,+96 8841851495,2024-02-24
SAL0448,Morgan Thomas,PAY0565,morganthomas@example.com,+35 8425136942,2024-02-25
SAL0445,Riley Johnson,PAY0606,rileyjohnson@example.com,+78 3772636814,2024-02-26
SAL0313,Alex Johnson,PAY0888,alexjohnson@example.com,+25 2897158366,2024-02-27
SAL0186,Morgan Brown,PAY0707,morganbrown@example.com,+53 8477300991,2024-02-28
SAL0463,Robin Jackson,PAY0636,robinjackson@example.com,+98 9831336766,2024-02-29
SAL0796,Jamie Taylor,PAY0684,jamietaylor@example.com,+21 5576790020,2024-03-01
SAL0203,Robin Jackson,PAY0097,robinjackson@example.com,+91 7471636437,2024-03-02
SAL0581,Riley Thomas,PAY0093,rileythomas@example.com,+18 3442428958,2024-03-03
SAL0043,Jordan Thomas,PAY0416,jordanthomas@example.com,+23 4577406847,2024-03-04
SAL0721,Alex Johnson,PAY0343,alexjohnson@example.com,+8 2071552532,2024-03-05
SAL0001,Avery Wilson,PAY0199,averywilson@example.com,+59 6150137259,2024-03-06
SAL0368,Casey Johnson,PAY0747,caseyjohnson@example.com,+48 8831899893,2024-03-07
SAL0450,Jordan Taylor,PAY0549,jordantaylor@example.com,+65 4964570811,2024-03-08
SAL0399,Morgan Anderson,PAY0896,morgananderson@example.com,+88 1131267917,2024-03-09
SAL0183,Alex Wilson,PAY0014,alexwilson@example.com,+48 2915999663,2024-03-10
SAL0600,Avery Brown,PAY0435,averybrown@example.com,+61 6797174636,2024-03-11
SAL0172,Avery Johnson,PAY0207,averyjohnson@example.com,+21 5683197659,2024-03-12
SAL0326,Jordan Thomas,PAY0593,jordanthomas@example.com,+4 2660286914,2024-03-13
SAL0524,Quinn Davis,PAY0793,quinndavis@example.com,+21 6182870116,2024-03-14
SAL0799,Morgan Moore,PAY0485,morganmoore@example.com,+84 5333183840,2024-03-15
SAL0646,Morgan Thomas,PAY0653,morganthomas@example.com,+17 3780439666,2024-03-16
SAL0432,Avery Smith,PAY0074,averysmith@example.com,+77 4439688162,2024-03-17
SAL0291,Quinn Moore,PAY0432,quinnmoore@example.com,+29 8055515912,2024-03-18
SAL0817,Riley Smith,PAY0809,rileysmith@example.com,+55 9141037388,2024-03-19
SAL0374,Jamie Moore,PAY0251,jamiemoore@example.com,+45 7266348777,2024-03-20
SAL0439,Jordan Davis,PAY0990,jordandavis@example.com,+28 7299420031,2024-03-21
SAL0873,Alex Davis,PAY0869,alexdavis@example.com,+87 7973335079,2024-03-22
SAL0188,Quinn Johnson,PAY0341,quinnjohnson@example.com,+75 1439427140,2024-03-23
SAL0535,Jamie Anderson,PAY0950,jamieanderson@example.com,+66 8900070153,2024-03-24
SAL0440,Jamie Thomas,PAY0132,jamiethomas@example.com,+72 7910817577,2024-03-25
SAL0768,Morgan Brown,PAY0438,morganbrown@example.com,+39 3939532043,2024-03-26
SAL0744,Riley Thomas,PAY0685,rileythomas@example.com,+62 5569145346,2024-03-27
SAL0356,Morgan Wilson,PAY0079,morganwilson@example.com,+36 8046300793,2024-03-28
SAL0425,Avery Jackson,PAY0710,averyjackson@example.com,+36 2283298067,2024-03-29
SAL0308,Robin Davis,PAY0230,robindavis@example.com,+20 9699264134,2024-03-30
SAL0049,Avery Davis,PAY0362,averydavis@example.com,+64 9579064478,2024-03-31
SAL0320,Jordan Taylor,PAY0493,jordantaylor@example.com,+34 9190122806,2024-04-01
SAL0957,Casey Anderson,PAY0302,caseyanderson@example.com,+52 9741628563,2024-04-02
SAL0067,Avery Anderson,PAY0151,averyanderson@example.com,+91 4504756453,2024-04-03
SAL0934,Jamie Davis,PAY0306,jamiedavis@example.com,+44 8666074487,2024-04-04
SAL0819,Taylor Johnson,PAY0619,taylorjohnson@example.com,+86 3397657114,2024-04-05
SAL0117,Casey Smith,PAY0864,caseysmith@example.com,+38 5714169271,2024-04-06
SAL0133,Quinn Thomas,PAY0535,quinnthomas@example.com,+17 8477189726,2024-04-07
SAL0505,Taylor Jackson,PAY0311,taylorjackson@example.com,+93 1383539822,2024-04-08
SAL0257,Taylor Smith,PAY0216,taylorsmith@example.com,+46 9037740227,2024-04-09
SAL0558,Jamie Smith,PAY0720,jamiesmith@example.com,+54 6717963562,2024-04-10
SAL0359,Taylor Johnson,PAY0442,taylorjohnson@example.com,+34 7809974292,2024-04-11
SAL0130,Alex Moore,PAY0855,alexmoore@example.com,+60 4655935832,2024-04-12
SAL0687,Jamie Thomas,PAY0895,jamiethomas@example.com,+61 3665691647,2024-04-13
SAL0811,Taylor Wilson,PAY0703,taylorwilson@example.com,+61 4820055862,2024-04-14
SAL0993,Riley Davis,PAY0417,rileydavis@example.com,+65 8218541928,2024-04-15
SAL0108,Avery Brown,PAY0583,averybrown@example.com,+68 6576395496,2024-04-16
SAL0504,Quinn Jackson,PAY0459,quinnjackson@example.com,+7 1647588523,2024-04-17
SAL0472,Riley Davis,PAY0893,rileydavis@example.com,+26 6766723248,2024-04-18
SAL0381,Riley Taylor,PAY0068,rileytaylor@example.com,+73 9532593594,2024-04-19
SAL0187,Taylor Johnson,PAY0925,taylorjohnson@example.com,+19 4073772623,2024-04-20
SAL0734,Jamie Taylor,PAY0725,jamietaylor@example.com,+11 7389111087,2024-04-21
SAL0265,Casey Taylor,PAY0520,caseytaylor@example.com,+81 5237588145,2024-04-22
SAL0391,Robin Anderson,PAY0683,robinanderson@example.com,+41 3725152347,2024-04-23
SAL0791,Alex Johnson,PAY0676,alexjohnson@example.com,+1 7236521132,2024-04-24
SAL0503,Alex Taylor,PAY0567,alextaylor@example.com,+27 4283432667,2024-04-25
SAL0237,Casey Johnson,PAY0558,caseyjohnson@example.com,+63 4349011298,2024-04-26
SAL0270,Taylor Davis,PAY0780,taylordavis@example.com,+17 7934137693,2024-04-27
SAL0233,Taylor Thomas,PAY0149,taylorthomas@example.com,+82 7139268005,2024-04-28
SAL0056,Riley Brown,PAY0042,rileybrown@example.com,+55 9441018790,2024-04-29
SAL0376,Robin Brown,PAY0900,robinbrown@example.com,+50 1020053819,2024-04-30
SAL0554,Jordan Anderson,PAY0960,jordananderson@example.com,+69 1818520766,2024-05-01
SAL0475,Taylor Johnson,PAY0594,taylorjohnson@example.com,+87 9607646309,2024-05-02
SAL0984,Riley Thomas,PAY0905,rileythomas@example.com,+94 2068687175,2024-05-03
SAL0764,Jamie Smith,PAY0279,jamiesmith@example.com,+89 9061589784,2024-05-04
SAL0512,Avery Smith,PAY0840,averysmith@example.com,+40 1553753599,2024-05-05
SAL0531,Jamie Davis,PAY0409,jamiedavis@example.com,+50 2314754322,2024-05-06
SAL0538,Morgan Taylor,PAY0776,morgantaylor@example.com,+9 4538382315,2024-05-07
SAL0433,Riley Anderson,PAY0198,rileyanderson@example.com,+39 9368586475,2024-05-08
SAL0499,Taylor Taylor,PAY0511,taylortaylor@example.com,+59 6745958212,2024-05-09
SAL0222,Alex Brown,PAY0353,alexbrown@example.com,+88 5275521470,2024-05-10
SAL0828,Robin Smith,PAY0885,robinsmith@example.com,+44 7400268709,2024-05-11
SAL0910,Robin Wilson,PAY0344,robinwilson@example.com,+97 1809283659,2024-05-12
SAL0082,Riley Wilson,PAY0241,rileywilson@example.com,+52 1082140117,2024-05-13
SAL0174,Robin Thomas,PAY0167,robinthomas@example.com,+29 1563524533,2024-05-14
SAL0365,Riley Brown,PAY0995,rileybrown@example.com,+94 9684051360,2024-05-15
SAL0408,Taylor Wilson,PAY0244,taylorwilson@example.com,+65 1725783958,2024-05-16
SAL0842,Taylor Smith,PAY0712,taylorsmith@example.com,+47 4402160254,2024-05-17
SAL0590,Quinn Thomas,PAY0446,quinnthomas@example.com,+49 9798613995,2024-05-18
SAL0610,Alex Moore,PAY0938,alexmoore@example.com,+7 3843139149,2024-05-19
SAL0019,Alex Smith,PAY0738,alexsmith@example.com,+84 4591108099,2024-05-20
SAL0561,Quinn Anderson,PAY0736,quinnanderson@example.com,+7 3962452613,2024-05-21
SAL0871,Avery Thomas,PAY0573,averythomas@example.com,+54 7203282627,2024-05-22
SAL0861,Morgan Smith,PAY0915,morgansmith@example.com,+16 7645527239,2024-05-23
SAL0226,Avery Johnson,PAY0037,averyjohnson@example.com,+61 4014501050,2024-05-24
SAL0493,Morgan Johnson,PAY0445,morganjohnson@example.com,+27 3707166618,2024-05-25
SAL0889,Quinn Johnson,PAY0688,quinnjohnson@example.com,+39 7529678452,2024-05-26
SAL0897,Taylor Taylor,PAY0287,taylortaylor@example.com,+80 5884080139,2024-05-27
SAL0516,Jamie Jackson,PAY0174,jamiejackson@example.com,+14 3652992543,2024-05-28
SAL0311,Taylor Jackson,PAY0716,taylorjackson@example.com,+37 5751366455,2024-05-29
SAL0862,Quinn Smith,PAY0538,quinnsmith@example.com,+26 3615642860,2024-05-30
SAL0401,Quinn Johnson,PAY0152,quinnjohnson@example.com,+34 5179517389,2024-05-31
SAL0867,Robin Jackson,PAY0983,robinjackson@example.com,+46 8316205130,2024-06-01
SAL0738,Quinn Thomas,PAY0908,quinnthomas@example.com,+38 1688799369,2024-06-02
SAL0962,Casey Wilson,PAY0444,caseywilson@example.com,+71 9302705838,2024-06-03
SAL0568,Taylor Moore,PAY0222,taylormoore@example.com,+43 2007192464,2024-06-04
SAL0302,Taylor Wilson,PAY0181,taylorwilson@example.com,+2 3884642366,2024-06-05
SAL0735,Robin Brown,PAY0148,robinbrown@example.com,+15 8168394616,2024-06-06
SAL0331,Jordan Anderson,PAY0225,jordananderson@example.com,+20 5077839614,2024-06-07
SAL0807,Casey Johnson,PAY0981,caseyjohnson@example.com,+66 9912264204,2024-06-08
SAL0088,Alex Anderson,PAY0949,alexanderson@example.com,+93 6287793163,2024-06-09
SAL0725,Quinn Jackson,PAY0329,quinnjackson@example.com,+38 6429375645,2024-06-10
SAL0540,Jamie Johnson,PAY0290,jamiejohnson@example.com,+7 6542943838,2024-06-11
SAL0245,Avery Davis,PAY0195,averydavis@example.com,+87 6638034087,2024-06-12
SAL0026,Avery Wilson,PAY0277,averywilson@example.com,+95 1497791242,2024-06-13
SAL0014,Morgan Moore,PAY0530,morganmoore@example.com,+98 4823775103,2024-06-14
SAL0614,Jamie Davis,PAY0755,jamiedavis@example.com,+2 4659306670,2024-06-15
SAL0129,Casey Wilson,PAY0373,caseywilson@example.com,+85 3779696951,2024-06-16
SAL0228,Morgan Anderson,PAY0923,morgananderson@example.com,+43 7965608188,2024-06-17
SAL0036,Avery Wilson,PAY0324,averywilson@example.com,+94 5694190173,2024-06-18
SAL0099,Quinn Thomas,PAY0731,quinnthomas@example.com,+44 1785418196,2024-06-19
SAL0967,Alex Thomas,PAY0533,alexthomas@example.com,+52 7255786047,2024-06-20
SAL0820,Jordan Johnson,PAY0316,jordanjohnson@example.com,+50 1716309186,2024-06-21
SAL0858,Morgan Wilson,PAY0948,morganwilson@example.com,+17 1684598046,2024-06-22
SAL0620,Jamie Johnson,PAY0057,jamiejohnson@example.com,+54 2881894932,2024-06-23
SAL0753,Avery Brown,PAY0153,averybrown@example.com,+79 5856127658,2024-06-24
SAL0414,Jordan Wilson,PAY0082,jordanwilson@example.com,+63 7061419749,2024-06-25
SAL0844,Quinn Davis,PAY0264,quinndavis@example.com,+6 5566993537,2024-06-26
SAL0684,Casey Davis,PAY0764,caseydavis@example.com,+84 2349641712,2024-06-27
SAL0364,Jordan Thomas,PAY0909,jordanthomas@example.com,+91 9045090355,2024-06-28
SAL0324,Riley Wilson,PAY0916,rileywilson@example.com,+67 5704029171,2024-06-29
SAL0037,Alex Johnson,PAY0083,alexjohnson@example.com,+85 4120946447,2024-06-30
SAL0151,Robin Wilson,PAY0129,robinwilson@example.com,+62 2653032484,2024-07-01
SAL0681,Alex Smith,PAY0682,alexsmith@example.com,+72 3632445649,2024-07-02
SAL0334,Casey Brown,PAY0782,caseybrown@example.com,+2 8940731272,2024-07-03
SAL0704,Jordan Brown,PAY0372,jordanbrown@example.com,+64 4734111722,2024-07-04
SAL0046,Riley Thomas,PAY0351,rileythomas@example.com,+10 8522334580,2024-07-05
SAL0223,Robin Thomas,PAY0205,robinthomas@example.com,+42 6329589780,2024-07-06
SAL0890,Alex Johnson,PAY0591,alexjohnson@example.com,+36 9806189256,2024-07-07
SAL0666,Jamie Brown,PAY0965,jamiebrown@example.com,+29 6921203386,2024-07-08
SAL0140,Avery Smith,PAY0767,averysmith@example.com,+31 5633542128,2024-07-09
SAL0290,Casey Jackson,PAY0355,caseyjackson@example.com,+57 2924568778,2024-07-10
SAL0673,Avery Brown,PAY0986,averybrown@example.com,+64 7215110267,2024-07-11
SAL0851,Robin Brown,PAY0317,robinbrown@example.com,+16 9506916058,2024-07-12
SAL0497,Alex Wilson,PAY0472,alexwilson@example.com,+96 3806215682,2024-07-13
SAL0070,Casey Smith,PAY0447,caseysmith@example.com,+14 7027727434,2024-07-14
SAL0217,Casey Davis,PAY0405,caseydavis@example.com,+5 8178927766,2024-07-15
SAL0146,Taylor Johnson,PAY0052,taylorjohnson@example.com,+44 7246858055,2024-07-16
SAL0525,Casey Thomas,PAY0934,caseythomas@example.com,+72 7871737874,2024-07-17
SAL0055,Robin Jackson,PAY0387,robinjackson@example.com,+92 8117478955,2024-07-18
SAL0059,Morgan Davis,PAY0099,morgandavis@example.com,+92 2943612110,2024-07-19
SAL0011,Morgan Brown,PAY0218,morganbrown@example.com,+13 1952396600,2024-07-20
SAL0685,Robin Smith,PAY0890,robinsmith@example.com,+44 8730566271,2024-07-21
SAL0733,Morgan Moore,PAY0273,morganmoore@example.com,+71 7536876169,2024-07-22
SAL0410,Robin Davis,PAY0679,robindavis@example.com,+90 1456650521,2024-07-23
SAL0085,Jordan Brown,PAY0652,jordanbrown@example.com,+22 3114937010,2024-07-24
SAL0201,Jamie Taylor,PAY0348,jamietaylor@example.com,+92 2757546829,2024-07-25
SAL0166,Alex Anderson,PAY0956,alexanderson@example.com,+33 3623588379,2024-07-26
SAL0578,Taylor Davis,PAY0283,taylordavis@example.com,+25 8955114245,2024-07-27
SAL0128,Riley Moore,PAY0248,rileymoore@example.com,+28 4356175095,2024-07-28
SAL0022,Jordan Davis,PAY0390,jordandavis@example.com,+92 2451413560,2024-07-29
SAL0970,Taylor Smith,PAY0831,taylorsmith@example.com,+97 2780136605,2024-07-30
SAL0619,Taylor Taylor,PAY0486,taylortaylor@example.com,+82 3528924461,2024-07-31
SAL0003,Casey Wilson,PAY0812,caseywilson@example.com,+99 9125023089,2024-08-01
SAL0323,Jamie Wilson,PAY0585,jamiewilson@example.com,+59 3142452709,2024-08-02
SAL0624,Casey Thomas,PAY0833,caseythomas@example.com,+68 4162014755,2024-08-03
SAL0500,Robin Thomas,PAY0509,robinthomas@example.com,+71 9312085761,2024-08-04
SAL0894,Casey Smith,PAY0266,caseysmith@example.com,+75 3484872186,2024-08-05
SAL0719,Jamie Wilson,PAY0477,jamiewilson@example.com,+94 4501446994,2024-08-06
SAL0347,Morgan Jackson,PAY0963,morganjackson@example.com,+14 9086117171,2024-08-07
SAL0750,Jordan Smith,PAY0510,jordansmith@example.com,+65 9080510951,2024-08-08
SAL0318,Jamie Jackson,PAY0091,jamiejackson@example.com,+54 4274374218,2024-08-09
SAL0907,Robin Moore,PAY0382,robinmoore@example.com,+36 6558433027,2024-08-10
SAL0671,Casey Taylor,PAY0110,caseytaylor@example.com,+18 5888445909,2024-08-11
SAL0829,Quinn Thomas,PAY0175,quinnthomas@example.com,+78 8991678061,2024-08-12
SAL0740,Jamie Taylor,PAY0618,jamietaylor@example.com,+92 1933479178,2024-08-13
SAL0168,Quinn Davis,PAY0008,quinndavis@example.com,+27 3887823121,2024-08-14
SAL0240,Jordan Smith,PAY0735,jordansmith@example.com,+91 5115980792,2024-08-15
SAL0699,Robin Smith,PAY0260,robinsmith@example.com,+65 8030335064,2024-08-16
SAL0720,Avery Thomas,PAY0186,averythomas@example.com,+91 8934097788,2024-08-17
SAL0176,Taylor Moore,PAY0744,taylormoore@example.com,+2 3245108207,2024-08-18
SAL0444,Robin Johnson,PAY0704,robinjohnson@example.com,+4 2635825546,2024-08-19
SAL0964,Casey Jackson,PAY0808,caseyjackson@example.com,+7 3878719791,2024-08-20
SAL0509,Casey Johnson,PAY0971,caseyjohnson@example.com,+26 4373835078,2024-08-21
SAL0063,Jordan Thomas,PAY0835,jordanthomas@example.com,+37 8230106415,2024-08-22
SAL0337,Jordan Taylor,PAY0338,jordantaylor@example.com,+19 4605117440,2024-08-23
SAL0304,Casey Taylor,PAY0959,caseytaylor@example.com,+89 8663756690,2024-08-24
SAL0104,Jordan Thomas,PAY0359,jordanthomas@example.com,+27 5433722159,2024-08-25
SAL0096,Morgan Davis,PAY0928,morgandavis@example.com,+58 4714465905,2024-08-26
SAL0360,Robin Taylor,PAY0553,robintaylor@example.com,+96 2670255496,2024-08-27
SAL0102,Morgan Jackson,PAY0213,morganjackson@example.com,+66 3853978147,2024-08-28
SAL0341,Quinn Wilson,PAY0659,quinnwilson@example.com,+49 6959501845,2024-08-29
SAL0379,Robin Thomas,PAY0249,robinthomas@example.com,+88 3371357111,2024-08-30
SAL0091,Alex Wilson,PAY0389,alexwilson@example.com,+2 8489005480,2024-08-31
SAL0767,Jordan Davis,PAY0460,jordandavis@example.com,+26 9032096058,2024-09-01
SAL0065,Robin Jackson,PAY0347,robinjackson@example.com,+29 8076527214,2024-09-02
SAL0436,Quinn Moore,PAY0570,quinnmoore@example.com,+97 6126033644,2024-09-03
SAL0159,Riley Anderson,PAY0166,rileyanderson@example.com,+58 3931997465,2024-09-04
SAL0902,Riley Davis,PAY0271,rileydavis@example.com,+24 5133799712,2024-09-05
SAL0527,Avery Anderson,PAY0051,averyanderson@example.com,+95 3206955437,2024-09-06
SAL0299,Morgan Johnson,PAY0644,morganjohnson@example.com,+49 5469489987,2024-09-07
SAL0135,Jordan Thomas,PAY0944,jordanthomas@example.com,+36 7685540186,2024-09-08
SAL0717,Quinn Moore,PAY0020,quinnmoore@example.com,+17 8928570600,2024-09-09
SAL0999,Jamie Davis,PAY0299,jamiedavis@example.com,+1 6714723660,2024-09-10
SAL0801,Jordan Davis,PAY0929,jordandavis@example.com,+91 5026508020,2024-09-11
SAL0899,Taylor Brown,PAY0673,taylorbrown@example.com,+6 8137764127,2024-09-12
SAL0905,Alex Smith,PAY0801,alexsmith@example.com,+63 7657887271,2024-09-13
SAL0912,Taylor Anderson,PAY0939,tayloranderson@example.com,+10 3169561289,2024-09-14
SAL0262,Quinn Johnson,PAY0388,quinnjohnson@example.com,+54 2732663107,2024-09-15
SAL0147,Riley Taylor,PAY0883,rileytaylor@example.com,+45 6720396142,2024-09-16
SAL0430,Quinn Davis,PAY0951,quinndavis@example.com,+47 2260892281,2024-09-17
SAL0266,Robin Anderson,PAY0114,robinanderson@example.com,+97 3788722772,2024-09-18
SAL0606,Robin Davis,PAY0798,robindavis@example.com,+15 8168036130,2024-09-19
SAL0571,Morgan Smith,PAY0420,morgansmith@example.com,+58 9761206076,2024-09-20
SAL0317,Jamie Taylor,PAY0063,jamietaylor@example.com,+42 5781905054,2024-09-21
SAL0314,Taylor Brown,PAY0072,taylorbrown@example.com,+33 2214741296,2024-09-22
SAL0250,Avery Anderson,PAY0430,averyanderson@example.com,+67 7208619610,2024-09-23
SAL0944,Alex Thomas,PAY0237,alexthomas@example.com,+6 3798292304,2024-09-24
SAL0613,Taylor Johnson,PAY0880,taylorjohnson@example.com,+42 3207160929,2024-09-25
SAL0192,Riley Brown,PAY0862,rileybrown@example.com,+13 9621419224,2024-09-26
SAL0793,Riley Thomas,PAY0811,rileythomas@example.com,+9 8238760130,2024-09-27
SAL0259,Avery Jackson,PAY0790,averyjackson@example.com,+14 9899689747,2024-09-28
SAL0709,Casey Anderson,PAY0947,caseyanderson@example.com,+88 1660370908,2024-09-29
SAL0005,Quinn Thomas,PAY0481,quinnthomas@example.com,+59 8373893128,2024-09-30
SAL0078,Robin Thomas,PAY0517,robinthomas@example.com,+5 1375899416,2024-10-01
SAL0464,Riley Brown,PAY0154,rileybrown@example.com,+7 9892481056,2024-10-02
SAL0119,Riley Anderson,PAY0936,rileyanderson@example.com,+30 9207624837,2024-10-03
SAL0543,Jordan Davis,PAY0263,jordandavis@example.com,+53 6961554653,2024-10-04
SAL0585,Jordan Thomas,PAY0873,jordanthomas@example.com,+81 7032058320,2024-10-05
SAL0534,Riley Davis,PAY0183,rileydavis@example.com,+41 5367513465,2024-10-06
SAL0952,Jordan Anderson,PAY0404,jordananderson@example.com,+87 9615270274,2024-10-07
SAL0647,Jamie Wilson,PAY0539,jamiewilson@example.com,+93 3655790301,2024-10-08
SAL0940,Taylor Wilson,PAY0076,taylorwilson@example.com,+97 9785427977,2024-10-09
SAL0857,Casey Moore,PAY0315,caseymoore@example.com,+10 3159668272,2024-10-10
SAL0031,Avery Johnson,PAY0111,averyjohnson@example.com,+38 5666504394,2024-10-11
SAL0695,Morgan Brown,PAY0021,morganbrown@example.com,+98 9275074323,2024-10-12
SAL0395,Taylor Taylor,PAY0697,taylortaylor@example.com,+49 3837784389,2024-10-13
SAL0530,Morgan Davis,PAY0604,morgandavis@example.com,+61 1944316108,2024-10-14
SAL0977,Jamie Taylor,PAY0047,jamietaylor@example.com,+96 7638836058,2024-10-15
SAL0888,Robin Moore,PAY0993,robinmoore@example.com,+82 5913767020,2024-10-16
SAL0663,Avery Anderson,PAY0542,averyanderson@example.com,+87 8077851013,2024-10-17
SAL0653,Robin Smith,PAY0427,robinsmith@example.com,+2 3384006407,2024-10-18
SAL0087,Taylor Taylor,PAY0350,taylortaylor@example.com,+16 1179414276,2024-10-19
SAL0485,Robin Jackson,PAY0622,robinjackson@example.com,+74 7857580528,2024-10-20
SAL0252,Alex Jackson,PAY0107,alexjackson@example.com,+69 5660584367,2024-10-21
SAL0978,Robin Anderson,PAY0184,robinanderson@example.com,+27 2476831585,2024-10-22
SAL0859,Alex Moore,PAY0657,alexmoore@example.com,+53 1611840071,2024-10-23
SAL0173,Jordan Taylor,PAY0540,jordantaylor@example.com,+24 8880184233,2024-10-24
SAL0282,Robin Thomas,PAY0515,robinthomas@example.com,+25 1492300084,2024-10-25
SAL0256,Avery Jackson,PAY0161,averyjackson@example.com,+86 4660390742,2024-10-26
SAL0454,Taylor Anderson,PAY0386,tayloranderson@example.com,+97 3360791536,2024-10-27
SAL0640,Taylor Wilson,PAY0763,taylorwilson@example.com,+38 3884866198,2024-10-28
SAL0555,Robin Anderson,PAY0521,robinanderson@example.com,+33 1421776124,2024-10-29
SAL0813,Alex Taylor,PAY0789,alextaylor@example.com,+93 7788606640,2024-10-30
SAL0556,Casey Taylor,PAY0614,caseytaylor@example.com,+43 2533897596,2024-10-31
SAL0101,Morgan Anderson,PAY0554,morgananderson@example.com,+86 3815235019,2024-11-01
SAL0079,Morgan Jackson,PAY0940,morganjackson@example.com,+13 6126037320,2024-11-02
SAL0920,Avery Smith,PAY0920,averysmith@example.com,+63 7230477043,2024-11-03
SAL0382,Robin Jackson,PAY0104,robinjackson@example.com,+79 8127164297,2024-11-04
SAL0648,Quinn Smith,PAY0734,quinnsmith@example.com,+89 3508990774,2024-11-05
SAL0300,Jamie Taylor,PAY0476,jamietaylor@example.com,+73 7729620601,2024-11-06
SAL0284,Morgan Anderson,PAY0732,morgananderson@example.com,+41 9412376000,2024-11-07
SAL0651,Morgan Smith,PAY0989,morgansmith@example.com,+22 5315720088,2024-11-08
SAL0467,Jordan Taylor,PAY0632,jordantaylor@example.com,+32 4374384508,2024-11-09
SAL0757,Casey Davis,PAY0860,caseydavis@example.com,+92 7168105904,2024-11-10
SAL0769,Riley Moore,PAY0328,rileymoore@example.com,+47 8443061472,2024-11-11
SAL0900,Casey Taylor,PAY0640,caseytaylor@example.com,+62 7282885927,2024-11-12
SAL0986,Jordan Taylor,PAY0666,jordantaylor@example.com,+46 8622566062,2024-11-13
SAL0755,Jordan Johnson,PAY0458,jordanjohnson@example.com,+63 3369412470,2024-11-14
SAL0161,Riley Smith,PAY0757,rileysmith@example.com,+23 4549548567,2024-11-15
SAL0370,Avery Smith,PAY0067,averysmith@example.com,+69 6138636031,2024-11-16
SAL0839,Casey Davis,PAY0492,caseydavis@example.com,+94 9918338001,2024-11-17
SAL0402,Jamie Smith,PAY0768,jamiesmith@example.com,+10 4831562592,2024-11-18
SAL0241,Alex Davis,PAY0742,alexdavis@example.com,+65 3712815143,2024-11-19
SAL0051,Taylor Smith,PAY0304,taylorsmith@example.com,+75 7781327255,2024-11-20
SAL0915,Quinn Brown,PAY0039,quinnbrown@example.com,+99 3534186676,2024-11-21
SAL0607,Taylor Brown,PAY0851,taylorbrown@example.com,+5 7664045502,2024-11-22
SAL0700,Riley Johnson,PAY0911,rileyjohnson@example.com,+70 7612862866,2024-11-23
SAL0521,Quinn Davis,PAY0910,quinndavis@example.com,+84 4329446784,2024-11-24
SAL0951,Riley Wilson,PAY0259,rileywilson@example.com,+47 2685767569,2024-11-25
SAL0158,Casey Brown,PAY0049,caseybrown@example.com,+99 8976459315,2024-11-26
SAL0184,Quinn Jackson,PAY0298,quinnjackson@example.com,+18 3192202822,2024-11-27
SAL0762,Jamie Brown,PAY0044,jamiebrown@example.com,+51 9635425513,2024-11-28
SAL0895,Jordan Johnson,PAY0600,jordanjohnson@example.com,+31 3208200227,2024-11-29
SAL0682,Quinn Smith,PAY0913,quinnsmith@example.com,+58 1683855081,2024-11-30
SAL0609,Jordan Jackson,PAY0718,jordanjackson@example.com,+73 5156392601,2024-12-01
SAL0938,Robin Taylor,PAY0267,robintaylor@example.com,+95 8438902565,2024-12-02
SAL0771,Taylor Johnson,PAY0930,taylorjohnson@example.com,+46 1173601852,2024-12-03
SAL0283,Quinn Davis,PAY0421,quinndavis@example.com,+98 3094407076,2024-12-04
SAL0123,Jamie Wilson,PAY0646,jamiewilson@example.com,+9 6430372469,2024-12-05
SAL0849,Quinn Johnson,PAY0568,quinnjohnson@example.com,+30 9773795424,2024-12-06
SAL0437,Quinn Smith,PAY0547,quinnsmith@example.com,+27 8694264068,2024-12-07
SAL0903,Casey Thomas,PAY0031,caseythomas@example.com,+50 1199447370,2024-12-08
SAL0998,Robin Moore,PAY0252,robinmoore@example.com,+84 2391874847,2024-12-09
SAL0529,Jamie Thomas,PAY0407,jamiethomas@example.com,+91 8481445242,2024-12-10
SAL0650,Casey Smith,PAY0122,caseysmith@example.com,+75 6041646576,2024-12-11
SAL0367,Robin Anderson,PAY0272,robinanderson@example.com,+84 6920691967,2024-12-12
SAL0946,Jamie Taylor,PAY0914,jamietaylor@example.com,+76 4588312351,2024-12-13
SAL0008,Casey Anderson,PAY0624,caseyanderson@example.com,+67 6375522704,2024-12-14
SAL0770,Morgan Taylor,PAY0158,morgantaylor@example.com,+29 7512767226,2024-12-15
SAL0171,Morgan Thomas,PAY0193,morganthomas@example.com,+46 6776869849,2024-12-16
SAL0107,Jordan Jackson,PAY0537,jordanjackson@example.com,+62 9618271425,2024-12-17
SAL0688,Avery Anderson,PAY0637,averyanderson@example.com,+18 2889350539,2024-12-18
SAL0565,Riley Taylor,PAY0453,rileytaylor@example.com,+30 9921025990,2024-12-19
SAL0865,Quinn Wilson,PAY0379,quinnwilson@example.com,+83 2206067650,2024-12-20
SAL0536,Casey Davis,PAY0356,caseydavis@example.com,+20 1802753761,2024-12-21
SAL0301,Jamie Wilson,PAY0326,jamiewilson@example.com,+47 4508795329,2024-12-22
SAL0481,Riley Davis,PAY0472,rileydavis@example.com,+85 6284297249,2024-12-23
SAL0652,Riley Jackson,PAY0278,rileyjackson@example.com,+43 4093474499,2024-12-24
SAL0021,Quinn Taylor,PAY0818,quinntaylor@example.com,+62 8195055602,2024-12-25
SAL0309,Casey Smith,PAY0545,caseysmith@example.com,+62 8874242713,2024-12-26
SAL0599,Riley Moore,PAY0210,rileymoore@example.com,+3 2046556006,2024-12-27
SAL0519,Morgan Anderson,PAY0004,morgananderson@example.com,+17 1692044390,2024-12-28
SAL0194,Taylor Moore,PAY0680,taylormoore@example.com,+81 3201784149,2024-12-29
SAL0784,Jordan Moore,PAY0778,jordanmoore@example.com,+74 1630780803,2024-12-30
SAL0027,Jordan Jackson,PAY0280,jordanjackson@example.com,+22 9410569618,2024-12-31
SAL0800,Jordan Thomas,PAY0958,jordanthomas@example.com,+77 3738568701,2025-01-01
SAL0275,Alex Thomas,PAY0253,alexthomas@example.com,+93 8822438146,2025-01-02
SAL0048,Taylor Johnson,PAY0555,taylorjohnson@example.com,+11 6225228951,2025-01-03
SAL0611,Taylor Taylor,PAY0879,taylortaylor@example.com,+78 9558906999,2025-01-04
SAL0729,Riley Thomas,PAY0886,rileythomas@example.com,+62 1732578761,2025-01-05
SAL0041,Taylor Anderson,PAY0125,tayloranderson@example.com,+53 3580582653,2025-01-06
SAL0822,Riley Anderson,PAY0319,rileyanderson@example.com,+75 2136107759,2025-01-07
SAL0170,Alex Johnson,PAY0650,alexjohnson@example.com,+93 8239558924,2025-01-08
SAL0105,Jordan Davis,PAY0289,jordandavis@example.com,+59 1295678014,2025-01-09
SAL0131,Robin Davis,PAY0693,robindavis@example.com,+49 2655546199,2025-01-10
SAL0715,Jordan Jackson,PAY0575,jordanjackson@example.com,+14 1071135963,2025-01-11
SAL0199,Casey Anderson,PAY0498,caseyanderson@example.com,+67 1413599241,2025-01-12
SAL0069,Avery Thomas,PAY0868,averythomas@example.com,+61 3576180666,2025-01-13
SAL0798,Casey Taylor,PAY0961,caseytaylor@example.com,+69 1504729135,2025-01-14
SAL0848,Avery Moore,PAY0999,averymoore@example.com,+62 3832069709,2025-01-15
SAL0400,Casey Anderson,PAY0494,caseyanderson@example.com,+78 7101791420,2025-01-16
SAL0896,Jordan Wilson,PAY0168,jordanwilson@example.com,+6 2842353139,2025-01-17
SAL0288,Jordan Davis,PAY0525,jordandavis@example.com,+62 6932365592,2025-01-18
SAL0030,Jamie Davis,PAY0814,jamiedavis@example.com,+76 3474420092,2025-01-19
SAL0979,Casey Johnson,PAY0239,caseyjohnson@example.com,+55 5869990861,2025-01-20
SAL0542,Avery Brown,PAY0036,averybrown@example.com,+62 4289338885,2025-01-21
SAL0804,Taylor Davis,PAY0206,taylordavis@example.com,+11 7050091525,2025-01-22
SAL0397,Riley Wilson,PAY0418,rileywilson@example.com,+25 9613425697,2025-01-23
SAL0630,Quinn Thomas,PAY0667,quinnthomas@example.com,+96 4390543744,2025-01-24
SAL0694,Quinn Wilson,PAY0623,quinnwilson@example.com,+74 3244294928,2025-01-25
SAL0243,Jamie Davis,PAY0677,jamiedavis@example.com,+67 5325865521,2025-01-26
SAL0636,Jordan Davis,PAY0027,jordandavis@example.com,+84 8749354330,2025-01-27
SAL0446,Casey Brown,PAY0345,caseybrown@example.com,+53 2555936898,2025-01-28
SAL0095,Jordan Smith,PAY0258,jordansmith@example.com,+20 7809113110,2025-01-29
SAL0193,Avery Brown,PAY0480,averybrown@example.com,+34 8218146534,2025-01-30
SAL0766,Jordan Smith,PAY0912,jordansmith@example.com,+97 6169824924,2025-01-31
SAL0077,Alex Thomas,PAY0293,alexthomas@example.com,+71 3072183247,2025-02-01
SAL0210,Jordan Brown,PAY0878,jordanbrown@example.com,+48 7372701375,2025-02-02
SAL0214,Riley Johnson,PAY0701,rileyjohnson@example.com,+40 7775960117,2025-02-03
SAL0357,Alex Jackson,PAY0994,alexjackson@example.com,+91 6281827528,2025-02-04
SAL0435,Jordan Anderson,PAY0988,jordananderson@example.com,+90 5076977004,2025-02-05
SAL0269,Riley Anderson,PAY0214,rileyanderson@example.com,+13 4035639663,2025-02-06
SAL0826,Casey Brown,PAY0641,caseybrown@example.com,+21 3731069282,2025-02-07
SAL0775,Alex Wilson,PAY0165,alexwilson@example.com,+12 4535855298,2025-02-08
SAL0641,Riley Johnson,PAY0115,rileyjohnson@example.com,+61 2869931869,2025-02-09
SAL0330,Jamie Taylor,PAY0729,jamietaylor@example.com,+9 2129971523,2025-02-10
SAL0177,Riley Johnson,PAY0671,rileyjohnson@example.com,+48 9933702652,2025-02-11
SAL0455,Quinn Smith,PAY0424,quinnsmith@example.com,+5 8406648395,2025-02-12
SAL0569,Morgan Brown,PAY0366,morganbrown@example.com,+52 7532669066,2025-02-13
SAL0285,Quinn Wilson,PAY0892,quinnwilson@example.com,+92 7418263314,2025-02-14
SAL0219,Jamie Davis,PAY0019,jamiedavis@example.com,+2 2228388623,2025-02-15
SAL0854,Jamie Thomas,PAY0598,jamiethomas@example.com,+5 3999818762,2025-02-16
SAL0922,Robin Jackson,PAY0077,robinjackson@example.com,+79 5449848690,2025-02-17
SAL0090,Quinn Jackson,PAY0197,quinnjackson@example.com,+31 3813285701,2025-02-18
SAL0833,Taylor Thomas,PAY0187,taylorthomas@example.com,+21 7010521940,2025-02-19
SAL0583,Robin Anderson,PAY0242,robinanderson@example.com,+86 6992094064,2025-02-20
SAL0732,Riley Wilson,PAY0904,rileywilson@example.com,+76 9655933303,2025-02-21
SAL0988,Quinn Taylor,PAY0919,quinntaylor@example.com,+91 9977193987,2025-02-22
SAL0675,Jordan Jackson,PAY0479,jordanjackson@example.com,+37 7798642975,2025-02-23
SAL0638,Quinn Smith,PAY0023,quinnsmith@example.com,+45 2187592160,2025-02-24
SAL0212,Quinn Johnson,PAY0617,quinnjohnson@example.com,+78 5136298935,2025-02-25
SAL0114,Taylor Davis,PAY0261,taylordavis@example.com,+59 9288057824,2025-02-26
SAL0267,Jordan Johnson,PAY0482,jordanjohnson@example.com,+74 5314945131,2025-02-27
SAL0473,Morgan Davis,PAY0752,morgandavis@example.com,+23 9900829971,2025-02-28
SAL0074,Morgan Thomas,PAY0491,morganthomas@example.com,+38 8626138802,2025-03-01
SAL0155,Jamie Brown,PAY0371,jamiebrown@example.com,+88 5412437658,2025-03-02
SAL0997,Alex Taylor,PAY0982,alextaylor@example.com,+15 2107327477,2025-03-03
SAL0165,Riley Jackson,PAY0526,rileyjackson@example.com,+49 5270048042,2025-03-04
SAL0420,Riley Wilson,PAY0053,rileywilson@example.com,+87 4011528431,2025-03-05
SAL0566,Alex Davis,PAY0762,alexdavis@example.com,+41 3300607428,2025-03-06
SAL0870,Jordan Wilson,PAY0131,jordanwilson@example.com,+90 8869140487,2025-03-07
SAL0459,Riley Johnson,PAY0516,rileyjohnson@example.com,+32 2233899367,2025-03-08
SAL0727,Taylor Wilson,PAY0882,taylorwilson@example.com,+52 8821456242,2025-03-09
SAL0741,Quinn Davis,PAY0465,quinndavis@example.com,+10 6061557739,2025-03-10
SAL0665,Robin Johnson,PAY0844,robinjohnson@example.com,+41 2518433834,2025-03-11
SAL0852,Avery Davis,PAY0899,averydavis@example.com,+74 2155671697,2025-03-12
SAL0418,Morgan Wilson,PAY0487,morganwilson@example.com,+96 4908108692,2025-03-13
SAL0916,Morgan Johnson,PAY0185,morganjohnson@example.com,+64 4165873005,2025-03-14
SAL0149,Alex Brown,PAY0262,alexbrown@example.com,+31 4158643786,2025-03-15
SAL0258,Jordan Jackson,PAY0234,jordanjackson@example.com,+34 1888107487,2025-03-16
SAL0072,Quinn Wilson,PAY0473,quinnwilson@example.com,+26 4586042076,2025-03-17
SAL0029,Riley Johnson,PAY0040,rileyjohnson@example.com,+80 2529125930,2025-03-18
SAL0398,Riley Wilson,PAY0322,rileywilson@example.com,+14 9927036153,2025-03-19
SAL0443,Robin Wilson,PAY0761,robinwilson@example.com,+85 5114549022,2025-03-20
SAL0992,Avery Thomas,PAY0365,averythomas@example.com,+62 6649672597,2025-03-21
SAL0691,Riley Anderson,PAY0135,rileyanderson@example.com,+74 9026301048,2025-03-22
SAL0277,Jamie Jackson,PAY0033,jamiejackson@example.com,+63 7490269556,2025-03-23
SAL0696,Alex Taylor,PAY0610,alextaylor@example.com,+51 3476758136,2025-03-24
SAL0580,Casey Jackson,PAY0785,caseyjackson@example.com,+7 7112493808,2025-03-25
SAL0206,Jordan Smith,PAY0866,jordansmith@example.com,+70 9729790084,2025-03-26
SAL0637,Jamie Davis,PAY0414,jamiedavis@example.com,+45 6045729129,2025-03-27
SAL0949,Quinn Jackson,PAY0863,quinnjackson@example.com,+16 7270955446,2025-03-28
SAL0942,Alex Wilson,PAY0016,alexwilson@example.com,+89 1036157653,2025-03-29
SAL0025,Quinn Smith,PAY0395,quinnsmith@example.com,+87 6200141898,2025-03-30
SAL0447,Morgan Anderson,PAY0699,morgananderson@example.com,+75 5727675931,2025-03-31
SAL0361,Avery Anderson,PAY0578,averyanderson@example.com,+47 2115406331,2025-04-01
SAL0494,Jordan Brown,PAY0749,jordanbrown@example.com,+71 2128928014,2025-04-02
SAL0855,Quinn Taylor,PAY0823,quinntaylor@example.com,+35 7928143230,2025-04-03
SAL0229,Riley Johnson,PAY0448,rileyjohnson@example.com,+47 6084870519,2025-04-04
SAL0812,Riley Moore,PAY0400,rileymoore@example.com,+55 6199197408,2025-04-05
SAL0728,Robin Moore,PAY0996,robinmoore@example.com,+90 8525623511,2025-04-06
SAL0686,Casey Johnson,PAY0901,caseyjohnson@example.com,+47 8964269909,2025-04-07
SAL0035,Morgan Moore,PAY0805,morganmoore@example.com,+36 2935866295,2025-04-08
SAL0106,Robin Anderson,PAY0781,robinanderson@example.com,+74 2635881694,2025-04-09
SAL0124,Jordan Taylor,PAY0133,jordantaylor@example.com,+19 4172013806,2025-04-10
SAL0891,Avery Smith,PAY0727,averysmith@example.com,+61 4460319291,2025-04-11
SAL0456,Riley Johnson,PAY0769,rileyjohnson@example.com,+23 7105384790,2025-04-12
SAL0553,Casey Wilson,PAY0966,caseywilson@example.com,+18 8389750357,2025-04-13
SAL0604,Casey Johnson,PAY0957,caseyjohnson@example.com,+63 6583604299,2025-04-14
SAL0589,Robin Thomas,PAY0268,robinthomas@example.com,+72 5499877198,2025-04-15
SAL0215,Alex Thomas,PAY0799,alexthomas@example.com,+13 3965860354,2025-04-16
SAL0629,Riley Taylor,PAY0564,rileytaylor@example.com,+8 6387133174,2025-04-17
SAL0415,Alex Davis,PAY0084,alexdavis@example.com,+81 5708580756,2025-04-18
SAL0017,Avery Moore,PAY0006,averymoore@example.com,+96 6732306182,2025-04-19
SAL0058,Quinn Anderson,PAY0571,quinnanderson@example.com,+47 8773959039,2025-04-20
SAL0634,Riley Smith,PAY0588,rileysmith@example.com,+45 5380159400,2025-04-21
SAL0874,Taylor Wilson,PAY0363,taylorwilson@example.com,+16 3600929253,2025-04-22
SAL0449,Avery Brown,PAY0007,averybrown@example.com,+74 8646369354,2025-04-23
SAL0990,Jordan Anderson,PAY0894,jordananderson@example.com,+46 7487309853,2025-04-24
SAL0097,Riley Johnson,PAY0733,rileyjohnson@example.com,+95 5631725051,2025-04-25
SAL0838,Alex Jackson,PAY0484,alexjackson@example.com,+79 6525576685,2025-04-26
SAL0573,Taylor Brown,PAY0337,taylorbrown@example.com,+81 5108541819,2025-04-27
SAL0748,Jordan Thomas,PAY0380,jordanthomas@example.com,+22 9283130753,2025-04-28
SAL0236,Alex Thomas,PAY0342,alexthomas@example.com,+54 7750131975,2025-04-29
SAL0127,Robin Johnson,PAY0503,robinjohnson@example.com,+10 1339783148,2025-04-30
SAL0118,Taylor Johnson,PAY0029,taylorjohnson@example.com,+44 6275155878,2025-05-01
SAL0422,Riley Johnson,PAY0312,rileyjohnson@example.com,+41 8099637213,2025-05-02
SAL0921,Morgan Anderson,PAY0314,morgananderson@example.com,+91 8063693463,2025-05-03
SAL0273,Jordan Thomas,PAY0233,jordanthomas@example.com,+35 9107574572,2025-05-04
SAL0218,Jordan Taylor,PAY0060,jordantaylor@example.com,+47 7228942343,2025-05-05
SAL0713,Riley Anderson,PAY0586,rileyanderson@example.com,+22 1099218439,2025-05-06
SAL0594,Taylor Anderson,PAY0887,tayloranderson@example.com,+94 4220107677,2025-05-07
SAL0821,Avery Brown,PAY0045,averybrown@example.com,+27 6011842297,2025-05-08
SAL0982,Robin Davis,PAY0126,robindavis@example.com,+14 1410400118,2025-05-09
SAL0926,Quinn Thomas,PAY0876,quinnthomas@example.com,+61 3355504998,2025-05-10
SAL0596,Morgan Johnson,PAY0123,morganjohnson@example.com,+4 8606102365,2025-05-11
SAL0388,Jordan Taylor,PAY0955,jordantaylor@example.com,+68 1357561213,2025-05-12
SAL0002,Casey Thomas,PAY0615,caseythomas@example.com,+34 3654728627,2025-05-13
SAL0683,Jordan Smith,PAY0374,jordansmith@example.com,+11 9098037639,2025-05-14
SAL0562,Jordan Wilson,PAY0800,jordanwilson@example.com,+40 1985076350,2025-05-15
SAL0373,Quinn Jackson,PAY0358,quinnjackson@example.com,+95 6515490818,2025-05-16
SAL0616,Riley Brown,PAY0159,rileybrown@example.com,+81 1542934161,2025-05-17
SAL0737,Riley Thomas,PAY0746,rileythomas@example.com,+68 4601406440,2025-05-18
SAL0202,Riley Moore,PAY0692,rileymoore@example.com,+4 9740924080,2025-05-19
SAL0276,Casey Thomas,PAY0349,caseythomas@example.com,+46 7340036327,2025-05-20
SAL0660,Avery Taylor,PAY0333,averytaylor@example.com,+70 9310149998,2025-05-21
SAL0661,Riley Moore,PAY0428,rileymoore@example.com,+71 2910594463,2025-05-22
SAL0179,Taylor Davis,PAY0391,taylordavis@example.com,+90 3316222488,2025-05-23
SAL0441,Quinn Taylor,PAY0543,quinntaylor@example.com,+76 7861571879,2025-05-24
SAL0335,Taylor Taylor,PAY0301,taylortaylor@example.com,+81 7587552692,2025-05-25
SAL0579,Alex Moore,PAY0945,alexmoore@example.com,+45 5679598896,2025-05-26
SAL0083,Riley Taylor,PAY0335,rileytaylor@example.com,+40 6865994703,2025-05-27
SAL0385,Robin Brown,PAY0160,robinbrown@example.com,+34 5963769028,2025-05-28
SAL0387,Riley Smith,PAY0209,rileysmith@example.com,+2 9590331226,2025-05-29
SAL0460,Morgan Thomas,PAY0081,morganthomas@example.com,+98 4641902461,2025-05-30
SAL0392,Quinn Moore,PAY0318,quinnmoore@example.com,+45 6526601778,2025-05-31
SAL0384,Jamie Anderson,PAY0086,jamieanderson@example.com,+69 9625656293,2025-06-01
SAL0431,Jamie Thomas,PAY0675,jamiethomas@example.com,+63 7343954769,2025-06-02
SAL0139,Riley Smith,PAY0157,rileysmith@example.com,+2 8584350472,2025-06-03
SAL0185,Morgan Taylor,PAY0627,morgantaylor@example.com,+38 3564111605,2025-06-04
SAL0419,Morgan Johnson,PAY0412,morganjohnson@example.com,+1 7649520759,2025-06-05
SAL0294,Riley Wilson,PAY0806,rileywilson@example.com,+25 7702529931,2025-06-06
SAL0950,Casey Jackson,PAY0775,caseyjackson@example.com,+51 2073295668,2025-06-07
SAL0677,Robin Johnson,PAY0514,robinjohnson@example.com,+92 2625035499,2025-06-08
SAL0071,Casey Thomas,PAY0294,caseythomas@example.com,+34 5635170508,2025-06-09
SAL0969,Robin Moore,PAY0997,robinmoore@example.com,+81 8235474949,2025-06-10
SAL0066,Riley Thomas,PAY0662,rileythomas@example.com,+37 6449549092,2025-06-11
SAL0353,Alex Jackson,PAY0062,alexjackson@example.com,+25 4665677395,2025-06-12
SAL0434,Jamie Davis,PAY0041,jamiedavis@example.com,+24 5881763070,2025-06-13
SAL0843,Jordan Davis,PAY0221,jordandavis@example.com,+15 8030400668,2025-06-14
SAL0971,Jamie Taylor,PAY0848,jamietaylor@example.com,+80 7239587766,2025-06-15
SAL0570,Jamie Johnson,PAY0015,jamiejohnson@example.com,+90 7969674420,2025-06-16
SAL0004,Riley Brown,PAY0070,rileybrown@example.com,+25 2377154307,2025-06-17
SAL0261,Jordan Smith,PAY0018,jordansmith@example.com,+20 3297681898,2025-06-18
SAL0406,Alex Moore,PAY0075,alexmoore@example.com,+24 5176136758,2025-06-19
SAL0023,Alex Wilson,PAY0483,alexwilson@example.com,+37 2156184315,2025-06-20
SAL0805,Casey Moore,PAY0985,caseymoore@example.com,+92 1035236295,2025-06-21
SAL0474,Robin Brown,PAY0853,robinbrown@example.com,+12 1647181551,2025-06-22
SAL0060,Taylor Thomas,PAY0431,taylorthomas@example.com,+64 6227783030,2025-06-23
SAL0835,Robin Jackson,PAY0397,robinjackson@example.com,+54 8728631945,2025-06-24
SAL0777,Morgan Brown,PAY0774,morganbrown@example.com,+48 4399143287,2025-06-25
SAL0526,Morgan Johnson,PAY0325,morganjohnson@example.com,+43 1627442454,2025-06-26
SAL0136,Quinn Taylor,PAY0874,quinntaylor@example.com,+35 8626371177,2025-06-27
SAL1000,Quinn Davis,PAY0013,quinndavis@example.com,+10 7627958969,2025-06-28
SAL0057,Riley Jackson,PAY0845,rileyjackson@example.com,+24 8909351013,2025-06-29
SAL0457,Morgan Davis,PAY0601,morgandavis@example.com,+49 4557315473,2025-06-30
SAL0523,Riley Wilson,PAY0512,rileywilson@example.com,+16 4069538076,2025-07-01
SAL0094,Riley Wilson,PAY0247,rileywilson@example.com,+50 2902502763,2025-07-02
SAL0759,Alex Anderson,PAY0754,alexanderson@example.com,+95 5271497065,2025-07-03
SAL0211,Jordan Thomas,PAY0396,jordanthomas@example.com,+26 4311402472,2025-07-04
SAL0120,Morgan Johnson,PAY0658,morganjohnson@example.com,+67 6190240924,2025-07-05
SAL0975,Riley Moore,PAY0246,rileymoore@example.com,+50 2387545832,2025-07-06
SAL0533,Quinn Wilson,PAY0056,quinnwilson@example.com,+81 4127754456,2025-07-07
SAL0615,Robin Wilson,PAY0933,robinwilson@example.com,+96 3237361243,2025-07-08
SAL0169,Riley Wilson,PAY0839,rileywilson@example.com,+33 2283392443,2025-07-09
SAL0154,Taylor Taylor,PAY0194,taylortaylor@example.com,+47 4811867564,2025-07-10
SAL0892,Riley Johnson,PAY0522,rileyjohnson@example.com,+86 1485024047,2025-07-11
SAL0208,Taylor Taylor,PAY0531,taylortaylor@example.com,+82 7159677390,2025-07-12
SAL0908,Quinn Moore,PAY0865,quinnmoore@example.com,+2 5808858383,2025-07-13
SAL0794,Quinn Wilson,PAY0309,quinnwilson@example.com,+32 9770294741,2025-07-14
SAL0115,Jordan Smith,PAY0028,jordansmith@example.com,+89 3560712271,2025-07-15
SAL0080,Robin Wilson,PAY0292,robinwilson@example.com,+48 4310547909,2025-07-16
SAL0371,Alex Jackson,PAY0977,alexjackson@example.com,+32 5972277002,2025-07-17
SAL0541,Alex Jackson,PAY0825,alexjackson@example.com,+12 1257922823,2025-07-18
SAL0602,Riley Wilson,PAY0698,rileywilson@example.com,+46 3768428107,2025-07-19
SAL0751,Taylor Jackson,PAY0691,taylorjackson@example.com,+90 1461243650,2025-07-20
SAL0084,Casey Davis,PAY0889,caseydavis@example.com,+63 6294297230,2025-07-21
SAL0939,Taylor Jackson,PAY0792,taylorjackson@example.com,+72 8544958420,2025-07-22
SAL0224,Jordan Brown,PAY0620,jordanbrown@example.com,+57 4149022054,2025-07-23
SAL0551,Jamie Smith,PAY0582,jamiesmith@example.com,+3 8255273416,2025-07-24
SAL0763,Jordan Anderson,PAY0783,jordananderson@example.com,+46 4111270714,2025-07-25
SAL0563,Alex Jackson,PAY0127,alexjackson@example.com,+33 4859728403,2025-07-26
SAL0966,Casey Brown,PAY0794,caseybrown@example.com,+63 8329902778,2025-07-27
SAL0856,Jamie Wilson,PAY0103,jamiewilson@example.com,+72 8288721755,2025-07-28
SAL0863,Casey Taylor,PAY0089,caseytaylor@example.com,+25 3433965438,2025-07-29
SAL0157,Morgan Davis,PAY0223,morgandavis@example.com,+70 6788175717,2025-07-30
SAL0955,Morgan Thomas,PAY0454,morganthomas@example.com,+94 7306707298,2025-07-31
SAL0137,Casey Thomas,PAY0700,caseythomas@example.com,+77 3381646593,2025-08-01
SAL0225,Avery Wilson,PAY0156,averywilson@example.com,+9 3281217890,2025-08-02
SAL0227,Morgan Wilson,PAY0616,morganwilson@example.com,+58 6871704354,2025-08-03
SAL0377,Riley Wilson,PAY0715,rileywilson@example.com,+1 7468039211,2025-08-04
SAL0961,Casey Johnson,PAY0451,caseyjohnson@example.com,+94 9670335754,2025-08-05
SAL0121,Riley Johnson,PAY0897,rileyjohnson@example.com,+47 6320547759,2025-08-06
SAL0319,Morgan Davis,PAY0871,morgandavis@example.com,+93 9861985372,2025-08-07
SAL0515,Robin Thomas,PAY0969,robinthomas@example.com,+69 8812759121,2025-08-08
SAL0985,Casey Johnson,PAY0544,caseyjohnson@example.com,+25 3368536195,2025-08-09
SAL0919,Robin Smith,PAY0071,robinsmith@example.com,+79 6510997463,2025-08-10
SAL0315,Jordan Thomas,PAY0147,jordanthomas@example.com,+53 8047628706,2025-08-11
SAL0477,Jamie Anderson,PAY0137,jamieanderson@example.com,+15 3829915449,2025-08-12
SAL0860,Casey Wilson,PAY0392,caseywilson@example.com,+6 1557376230,2025-08-13
SAL0760,Quinn Taylor,PAY0141,quinntaylor@example.com,+5 1867922818,2025-08-14
SAL0603,Casey Johnson,PAY0307,caseyjohnson@example.com,+63 1822987217,2025-08-15
SAL0369,Taylor Anderson,PAY0377,tayloranderson@example.com,+5 8886846400,2025-08-16
SAL0605,Alex Jackson,PAY0822,alexjackson@example.com,+85 7830290429,2025-08-17
SAL0012,Avery Moore,PAY0106,averymoore@example.com,+7 2573478551,2025-08-18
SAL0778,Quinn Davis,PAY0741,quinndavis@example.com,+78 4083121646,2025-08-19
SAL0597,Jamie Anderson,PAY0092,jamieanderson@example.com,+2 5638379165,2025-08-20
SAL0981,Jordan Taylor,PAY0807,jordantaylor@example.com,+82 5555672620,2025-08-21
SAL0338,Jamie Brown,PAY0235,jamiebrown@example.com,+72 9119337640,2025-08-22
SAL0941,Alex Smith,PAY0073,alexsmith@example.com,+48 7944675764,2025-08-23
SAL0458,Jordan Anderson,PAY0490,jordananderson@example.com,+68 9764538552,2025-08-24
SAL0242,Jamie Johnson,PAY0613,jamiejohnson@example.com,+10 8878930685,2025-08-25
SAL0393,Taylor Thomas,PAY0433,taylorthomas@example.com,+10 5057041081,2025-08-26
SAL0268,Morgan Taylor,PAY0124,morgantaylor@example.com,+67 1417124022,2025-08-27
SAL0007,Riley Moore,PAY0686,rileymoore@example.com,+93 2654984428,2025-08-28
SAL0930,Avery Taylor,PAY0009,averytaylor@example.com,+25 8152161448,2025-08-29
SAL0332,Quinn Brown,PAY0787,quinnbrown@example.com,+14 6891490448,2025-08-30
SAL0668,Robin Johnson,PAY0456,robinjohnson@example.com,+98 8014715913,2025-08-31
SAL0831,Riley Jackson,PAY0953,rileyjackson@example.com,+93 3343446878,2025-09-01
SAL0190,Robin Wilson,PAY0232,robinwilson@example.com,+49 6386271785,2025-09-02
SAL0098,Alex Moore,PAY0608,alexmoore@example.com,+58 2705490992,2025-09-03
SAL0879,Taylor Anderson,PAY0634,tayloranderson@example.com,+93 9659953069,2025-09-04
SAL0089,Riley Davis,PAY0080,rileydavis@example.com,+18 2296400037,2025-09-05
SAL0830,Casey Johnson,PAY0489,caseyjohnson@example.com,+39 5227941857,2025-09-06
SAL0832,Casey Thomas,PAY0219,caseythomas@example.com,+28 8970258559,2025-09-07
SAL0438,Casey Smith,PAY0002,caseysmith@example.com,+3 8826879784,2025-09-08
SAL0974,Robin Wilson,PAY0777,robinwilson@example.com,+71 3455054143,2025-09-09
SAL0989,Taylor Johnson,PAY0094,taylorjohnson@example.com,+13 5457043482,2025-09-10
SAL0809,Riley Johnson,PAY0660,rileyjohnson@example.com,+46 1670474924,2025-09-11
SAL0644,Taylor Jackson,PAY0240,taylorjackson@example.com,+34 3500339713,2025-09-12
SAL0303,Alex Smith,PAY0856,alexsmith@example.com,+30 2289789131,2025-09-13
SAL0346,Casey Davis,PAY0877,caseydavis@example.com,+74 4942272347,2025-09-14
SAL0015,Morgan Jackson,PAY0054,morganjackson@example.com,+94 9921512797,2025-09-15
SAL0649,Taylor Johnson,PAY0867,taylorjohnson@example.com,+42 8700464894,2025-09-16
SAL0264,Avery Davis,PAY0381,averydavis@example.com,+23 9999520085,2025-09-17
SAL0470,Quinn Davis,PAY0770,quinndavis@example.com,+83 2290179211,2025-09-18
SAL0976,Taylor Moore,PAY0257,taylormoore@example.com,+94 2638728074,2025-09-19
SAL0678,Morgan Jackson,PAY0370,morganjackson@example.com,+8 6731159892,2025-09-20
SAL0116,Alex Wilson,PAY0668,alexwilson@example.com,+56 4727306207,2025-09-21
SAL0198,Morgan Brown,PAY0281,morganbrown@example.com,+99 9639044885,2025-09-22
SAL0280,Avery Wilson,PAY0163,averywilson@example.com,+81 2642768997,2025-09-23
SAL0480,Morgan Johnson,PAY0310,morganjohnson@example.com,+40 3252209366,2025-09-24
SAL0869,Alex Brown,PAY0695,alexbrown@example.com,+41 5937408591,2025-09-25
SAL0929,Alex Moore,PAY0208,alexmoore@example.com,+65 3996893560,2025-09-26
SAL0506,Taylor Jackson,PAY0907,taylorjackson@example.com,+20 9806915522,2025-09-27
SAL0787,Casey Smith,PAY0001,caseysmith@example.com,+94 9578627236,2025-09-28
SAL0712,Morgan Wilson,PAY0468,morganwilson@example.com,+58 1386903346,2025-09-29
SAL0466,Alex Brown,PAY0745,alexbrown@example.com,+56 2693601838,2025-09-30
SAL0292,Robin Thomas,PAY0162,robinthomas@example.com,+17 2443831341,2025-10-01
SAL0344,Jamie Johnson,PAY0128,jamiejohnson@example.com,+61 9801724134,2025-10-02
SAL0110,Riley Anderson,PAY0017,rileyanderson@example.com,+52 2127677925,2025-10-03
SAL0618,Casey Thomas,PAY0471,caseythomas@example.com,+52 7450281157,2025-10-04
SAL0582,Quinn Johnson,PAY0642,quinnjohnson@example.com,+90 5874232824,2025-10-05
SAL0730,Riley Thomas,PAY0102,rileythomas@example.com,+72 6145836928,2025-10-06
SAL0010,Taylor Jackson,PAY0048,taylorjackson@example.com,+51 2057617830,2025-10-07
SAL0656,Alex Thomas,PAY0050,alexthomas@example.com,+10 7142085555,2025-10-08
SAL0983,Jordan Anderson,PAY0902,jordananderson@example.com,+88 1384806111,2025-10-09
SAL0191,Alex Smith,PAY0786,alexsmith@example.com,+86 7071288688,2025-10-10
SAL0508,Riley Taylor,PAY0758,rileytaylor@example.com,+47 2495970877,2025-10-11
SAL0407,Robin Johnson,PAY0134,robinjohnson@example.com,+42 3814963909,2025-10-12
SAL0038,Riley Anderson,PAY0847,rileyanderson@example.com,+99 2309186996,2025-10-13
SAL0181,Jamie Johnson,PAY0561,jamiejohnson@example.com,+45 5921252890,2025-10-14
SAL0428,Casey Jackson,PAY0346,caseyjackson@example.com,+6 2002830207,2025-10-15
SAL0180,Morgan Johnson,PAY0291,morganjohnson@example.com,+88 2605548088,2025-10-16
SAL0039,Morgan Wilson,PAY0331,morganwilson@example.com,+97 1368570209,2025-10-17
SAL0548,Quinn Jackson,PAY0751,quinnjackson@example.com,+95 1234238999,2025-10-18
SAL0238,Avery Moore,PAY0779,averymoore@example.com,+80 4980273734,2025-10-19
SAL0714,Robin Jackson,PAY0217,robinjackson@example.com,+37 5353951329,2025-10-20
SAL0092,Avery Wilson,PAY0903,averywilson@example.com,+89 4454359624,2025-10-21
SAL0061,Riley Thomas,PAY0743,rileythomas@example.com,+40 7227967023,2025-10-22
SAL0662,Quinn Taylor,PAY0408,quinntaylor@example.com,+3 2425399664,2025-10-23
SAL0893,Jamie Johnson,PAY0998,jamiejohnson@example.com,+95 3310715848,2025-10-24
SAL0329,Avery Davis,PAY0859,averydavis@example.com,+27 8517718126,2025-10-25
SAL0803,Robin Anderson,PAY0367,robinanderson@example.com,+71 5373945362,2025-10-26
SAL0205,Taylor Taylor,PAY0803,taylortaylor@example.com,+75 3262584884,2025-10-27
SAL0995,Casey Anderson,PAY0470,caseyanderson@example.com,+33 1731517326,2025-10-28
SAL0489,Robin Taylor,PAY0678,robintaylor@example.com,+37 2165144965,2025-10-29
SAL0488,Jamie Moore,PAY0003,jamiemoore@example.com,+60 1035795037,2025-10-30
SAL0669,Robin Moore,PAY0596,robinmoore@example.com,+50 8131247005,2025-10-31
SAL0417,Jordan Moore,PAY0336,jordanmoore@example.com,+85 8130076816,2025-11-01
SAL0968,Morgan Anderson,PAY0500,morgananderson@example.com,+14 5376908082,2025-11-02
SAL0866,Jamie Johnson,PAY0466,jamiejohnson@example.com,+84 2660104622,2025-11-03
SAL0006,Jamie Johnson,PAY0378,jamiejohnson@example.com,+49 4048090198,2025-11-04
SAL0692,Robin Johnson,PAY0285,robinjohnson@example.com,+41 1378045890,2025-11-05
SAL0680,Casey Brown,PAY0528,caseybrown@example.com,+26 1092292243,2025-11-06
SAL0484,Avery Smith,PAY0413,averysmith@example.com,+32 6604621025,2025-11-07
SAL0339,Quinn Thomas,PAY0096,quinnthomas@example.com,+63 1674332429,2025-11-08
SAL0424,Avery Moore,PAY0649,averymoore@example.com,+45 8234062195,2025-11-09
SAL0103,Jamie Taylor,PAY0078,jamietaylor@example.com,+46 7980313867,2025-11-10
SAL0054,Casey Taylor,PAY0463,caseytaylor@example.com,+31 9856264217,2025-11-11
SAL0239,Alex Wilson,PAY0385,alexwilson@example.com,+33 9068857465,2025-11-12
SAL0654,Quinn Wilson,PAY0425,quinnwilson@example.com,+4 9371391276,2025-11-13
SAL0232,Casey Johnson,PAY0643,caseyjohnson@example.com,+29 5946548987,2025-11-14
SAL0544,Quinn Thomas,PAY0276,quinnthomas@example.com,+51 3821500440,2025-11-15
SAL0914,Taylor Brown,PAY0724,taylorbrown@example.com,+12 8429819540,2025-11-16
SAL0780,Riley Davis,PAY0858,rileydavis@example.com,+67 6271763012,2025-11-17
SAL0246,Jamie Moore,PAY0927,jamiemoore@example.com,+31 3460580557,2025-11-18
SAL0601,Avery Moore,PAY0796,averymoore@example.com,+55 9463392724,2025-11-19
SAL0932,Jamie Wilson,PAY0403,jamiewilson@example.com,+78 6709234482,2025-11-20
SAL0112,Quinn Davis,PAY0739,quinndavis@example.com,+70 1565956995,2025-11-21
SAL0841,Robin Thomas,PAY0330,robinthomas@example.com,+84 4436425084,2025-11-22
SAL0279,Quinn Jackson,PAY0150,quinnjackson@example.com,+18 5875872347,2025-11-23
SAL0876,Avery Smith,PAY0256,averysmith@example.com,+99 4938966574,2025-11-24
SAL0278,Quinn Wilson,PAY0136,quinnwilson@example.com,+41 9881193677,2025-11-25
SAL0552,Alex Brown,PAY0130,alexbrown@example.com,+69 1508469555,2025-11-26
SAL0207,Jordan Wilson,PAY0672,jordanwilson@example.com,+41 9473523940,2025-11-27
SAL0220,Casey Moore,PAY0284,caseymoore@example.com,+53 6597837495,2025-11-28
SAL0491,Alex Brown,PAY0717,alexbrown@example.com,+96 2175945569,2025-11-29
SAL0263,Morgan Jackson,PAY0422,morganjackson@example.com,+25 1458579821,2025-11-30
SAL0797,Robin Johnson,PAY0139,robinjohnson@example.com,+24 7944732371,2025-12-01
SAL0453,Morgan Smith,PAY0098,morgansmith@example.com,+78 1997216402,2025-12-02
SAL0355,Jamie Thomas,PAY0942,jamiethomas@example.com,+88 5406999328,2025-12-03
SAL0081,Taylor Taylor,PAY0527,taylortaylor@example.com,+11 3046990957,2025-12-04
SAL0716,Robin Anderson,PAY0274,robinanderson@example.com,+65 8084842984,2025-12-05
SAL0044,Casey Brown,PAY0753,caseybrown@example.com,+24 8954835349,2025-12-06
SAL0935,Casey Wilson,PAY0297,caseywilson@example.com,+63 3035157048,2025-12-07
SAL0150,Casey Jackson,PAY0766,caseyjackson@example.com,+21 1830044665,2025-12-08
SAL0953,Quinn Johnson,PAY0332,quinnjohnson@example.com,+5 5161029102,2025-12-09
SAL0405,Alex Brown,PAY0760,alexbrown@example.com,+35 9376036819,2025-12-10
SAL0389,Morgan Jackson,PAY0552,morganjackson@example.com,+29 5244473159,2025-12-11
SAL0557,Alex Johnson,PAY0842,alexjohnson@example.com,+97 1878587567,2025-12-12
SAL0742,Jordan Anderson,PAY0288,jordananderson@example.com,+23 9528205772,2025-12-13
SAL0588,Robin Anderson,PAY0546,robinanderson@example.com,+79 6354895816,2025-12-14
SAL0125,Quinn Anderson,PAY0726,quinnanderson@example.com,+52 4333816842,2025-12-15
SAL0295,Robin Wilson,PAY0584,robinwilson@example.com,+78 6638851791,2025-12-16
SAL0281,Taylor Thomas,PAY0061,taylorthomas@example.com,+79 9755342261,2025-12-17
SAL0574,Jamie Moore,PAY0987,jamiemoore@example.com,+14 7234615717,2025-12-18
SAL0358,Robin Johnson,PAY0921,robinjohnson@example.com,+6 7605097681,2025-12-19
SAL0789,Jordan Jackson,PAY0143,jordanjackson@example.com,+95 9758519013,2025-12-20
SAL0325,Riley Thomas,PAY0631,rileythomas@example.com,+50 1211722336,2025-12-21
SAL0501,Jordan Smith,PAY0170,jordansmith@example.com,+38 7182836805,2025-12-22
SAL0816,Taylor Taylor,PAY0439,taylortaylor@example.com,+39 6522961108,2025-12-23
SAL0707,Quinn Smith,PAY0648,quinnsmith@example.com,+22 7109428566,2025-12-24
SAL0756,Alex Davis,PAY0625,alexdavis@example.com,+79 4947215928,2025-12-25
SAL0722,Jordan Davis,PAY0360,jordandavis@example.com,+89 5905881794,2025-12-26
SAL0872,Morgan Wilson,PAY0706,morganwilson@example.com,+83 2940028539,2025-12-27
SAL0973,Jordan Moore,PAY0941,jordanmoore@example.com,+93 3150308852,2025-12-28
SAL0231,Jamie Smith,PAY0215,jamiesmith@example.com,+24 5876105046,2025-12-29
SAL0306,Riley Taylor,PAY0243,rileytaylor@example.com,+53 6684221411,2025-12-30
SAL0853,Morgan Brown,PAY0821,morganbrown@example.com,+4 6063244930,2025-12-31
SAL0286,Robin Thomas,PAY0450,robinthomas@example.com,+76 4847409832,2026-01-01
SAL0253,Taylor Thomas,PAY0090,taylorthomas@example.com,+59 5682286001,2026-01-02
SAL0197,Avery Moore,PAY0836,averymoore@example.com,+42 4420882289,2026-01-03
SAL0965,Jamie Taylor,PAY0270,jamietaylor@example.com,+92 4149337748,2026-01-04
SAL0625,Alex Taylor,PAY0872,alextaylor@example.com,+12 2558830012,2026-01-05
SAL0886,Alex Anderson,PAY0954,alexanderson@example.com,+68 8332707996,2026-01-06
SAL0710,Jamie Moore,PAY0828,jamiemoore@example.com,+94 5079161918,2026-01-07
SAL0659,Quinn Taylor,PAY0254,quinntaylor@example.com,+49 7658684887,2026-01-08
SAL0781,Quinn Taylor,PAY0670,quinntaylor@example.com,+6 4299652989,2026-01-09
SAL0785,Robin Wilson,PAY0857,robinwilson@example.com,+43 1644630523,2026-01-10
SAL0693,Jamie Taylor,PAY0436,jamietaylor@example.com,+19 4058220682,2026-01-11
SAL0363,Alex Moore,PAY0224,alexmoore@example.com,+54 6618084394,2026-01-12
SAL0560,Morgan Jackson,PAY0560,morganjackson@example.com,+94 7211631821,2026-01-13
SAL0351,Riley Moore,PAY0452,rileymoore@example.com,+81 1776083520,2026-01-14
SAL0818,Jamie Taylor,PAY0737,jamietaylor@example.com,+17 5125032122,2026-01-15
SAL0471,Jamie Davis,PAY0043,jamiedavis@example.com,+1 2087103368,2026-01-16
SAL0178,Robin Jackson,PAY0556,robinjackson@example.com,+59 4467990956,2026-01-17
SAL0772,Robin Thomas,PAY0376,robinthomas@example.com,+78 9086147474,2026-01-18
SAL0386,Jamie Taylor,PAY0991,jamietaylor@example.com,+31 8127372046,2026-01-19
SAL0539,Jordan Moore,PAY0275,jordanmoore@example.com,+59 7056554007,2026-01-20
SAL0490,Taylor Moore,PAY0837,taylormoore@example.com,+11 1028230917,2026-01-21
SAL0679,Morgan Johnson,PAY0587,morganjohnson@example.com,+71 1891796718,2026-01-22
SAL0333,Avery Johnson,PAY0116,averyjohnson@example.com,+24 1636755414,2026-01-23
SAL0575,Avery Thomas,PAY0813,averythomas@example.com,+84 2499028775,2026-01-24
SAL0213,Taylor Moore,PAY0563,taylormoore@example.com,+19 4667168880,2026-01-25
SAL0836,Casey Brown,PAY0508,caseybrown@example.com,+86 7886058634,2026-01-26
SAL0142,Taylor Johnson,PAY0580,taylorjohnson@example.com,+43 4953022176,2026-01-27
SAL0723,Morgan Wilson,PAY0834,morganwilson@example.com,+7 5762636174,2026-01-28
SAL0064,Taylor Brown,PAY0173,taylorbrown@example.com,+23 3414532686,2026-01-29
SAL0933,Quinn Brown,PAY0795,quinnbrown@example.com,+59 1153931824,2026-01-30
SAL0754,Jamie Brown,PAY0802,jamiebrown@example.com,+99 6580427322,2026-01-31
SAL0483,Riley Anderson,PAY0231,rileyanderson@example.com,+48 9149828351,2026-02-01
SAL0627,Quinn Jackson,PAY0282,quinnjackson@example.com,+9 8552450838,2026-02-02
SAL0514,Riley Jackson,PAY0034,rileyjackson@example.com,+71 5573821760,2026-02-03
SAL0421,Quinn Moore,PAY0300,quinnmoore@example.com,+61 1577869770,2026-02-04
SAL0963,Casey Brown,PAY0226,caseybrown@example.com,+89 8986096303,2026-02-05
SAL0708,Riley Johnson,PAY0032,rileyjohnson@example.com,+43 7558641561,2026-02-06
SAL0423,Riley Anderson,PAY0579,rileyanderson@example.com,+68 1249900899,2026-02-07
SAL0156,Jordan Wilson,PAY0085,jordanwilson@example.com,+74 5239945630,2026-02-08
SAL0931,Quinn Smith,PAY0172,quinnsmith@example.com,+62 8330674428,2026-02-09
SAL0322,Casey Thomas,PAY0501,caseythomas@example.com,+55 6654275321,2026-02-10
SAL0452,Jamie Wilson,PAY0455,jamiewilson@example.com,+68 7971780517,2026-02-11
SAL0020,Riley Anderson,PAY0906,rileyanderson@example.com,+17 7432749100,2026-02-12
SAL0196,Alex Smith,PAY0932,alexsmith@example.com,+24 1831314297,2026-02-13
SAL0808,Casey Wilson,PAY0504,caseywilson@example.com,+16 5397989823,2026-02-14
SAL0718,Jamie Johnson,PAY0702,jamiejohnson@example.com,+81 4421940259,2026-02-15
SAL0587,Quinn Jackson,PAY0419,quinnjackson@example.com,+95 4642432004,2026-02-16
SAL0033,Avery Taylor,PAY0507,averytaylor@example.com,+79 9585583837,2026-02-17
SAL0249,Riley Jackson,PAY0669,rileyjackson@example.com,+53 5490354768,2026-02-18
SAL0698,Avery Smith,PAY0518,averysmith@example.com,+45 3738056872,2026-02-19
SAL0152,Riley Jackson,PAY0576,rileyjackson@example.com,+2 3751434706,2026-02-20
SAL0390,Taylor Moore,PAY0394,taylormoore@example.com,+89 6504544772,2026-02-21
SAL0635,Quinn Anderson,PAY0200,quinnanderson@example.com,+9 6616840342,2026-02-22
SAL0792,Avery Brown,PAY0140,averybrown@example.com,+65 7657171838,2026-02-23
SAL0802,Alex Anderson,PAY0497,alexanderson@example.com,+99 1026333597,2026-02-24
SAL0537,Jamie Moore,PAY0010,jamiemoore@example.com,+88 6726406418,2026-02-25
SAL0175,Jamie Thomas,PAY0368,jamiethomas@example.com,+51 1754321211,2026-02-26
SAL0492,Morgan Smith,PAY0055,morgansmith@example.com,+43 8876219703,2026-02-27
SAL0806,Taylor Anderson,PAY0635,tayloranderson@example.com,+87 9742656117,2026-02-28
SAL0878,Riley Thomas,PAY0462,rileythomas@example.com,+18 3068007538,2026-03-01
SAL0923,Avery Jackson,PAY0323,averyjackson@example.com,+81 9142951341,2026-03-02
SAL0234,Morgan Moore,PAY0854,morganmoore@example.com,+60 4189376783,2026-03-03
SAL0928,Casey Wilson,PAY0144,caseywilson@example.com,+67 3301610601,2026-03-04
SAL0593,Robin Taylor,PAY0296,robintaylor@example.com,+27 8712828384,2026-03-05
SAL0795,Casey Jackson,PAY0846,caseyjackson@example.com,+9 5164457378,2026-03-06
SAL0672,Alex Moore,PAY0973,alexmoore@example.com,+36 4610947195,2026-03-07
SAL0996,Jamie Moore,PAY0569,jamiemoore@example.com,+44 9519577735,2026-03-08
SAL0837,Jamie Thomas,PAY0178,jamiethomas@example.com,+81 7896382125,2026-03-09
SAL0898,Robin Wilson,PAY0968,robinwilson@example.com,+24 3556329609,2026-03-10
SAL0028,Jordan Jackson,PAY0815,jordanjackson@example.com,+97 8979273911,2026-03-11
SAL0645,Morgan Moore,PAY0551,morganmoore@example.com,+91 5430809445,2026-03-12
SAL0705,Jamie Jackson,PAY0651,jamiejackson@example.com,+53 5667760951,2026-03-13
SAL0743,Morgan Moore,PAY0499,morganmoore@example.com,+31 6890906602,2026-03-14
SAL0913,Jordan Taylor,PAY0881,jordantaylor@example.com,+39 2298447203,2026-03-15
SAL0904,Morgan Jackson,PAY0434,morganjackson@example.com,+15 5692698971,2026-03-16
SAL0991,Jamie Wilson,PAY0393,jamiewilson@example.com,+65 3147716902,2026-03-17
SAL0113,Avery Taylor,PAY0589,averytaylor@example.com,+25 2405905813,2026-03-18
SAL0690,Casey Brown,PAY0142,caseybrown@example.com,+99 4744348135,2026-03-19
SAL0340,Avery Johnson,PAY0611,averyjohnson@example.com,+67 1570015858,2026-03-20
SAL0378,Robin Thomas,PAY0992,robinthomas@example.com,+93 5451959254,2026-03-21
SAL0018,Casey Smith,PAY0841,caseysmith@example.com,+50 3243454164,2026-03-22
SAL0487,Casey Wilson,PAY0524,caseywilson@example.com,+1 9779041827,2026-03-23
SAL0823,Morgan Davis,PAY0145,morgandavis@example.com,+77 4744675014,2026-03-24
SAL0577,Casey Anderson,PAY0711,caseyanderson@example.com,+43 1198168828,2026-03-25
SAL0726,Taylor Davis,PAY0383,taylordavis@example.com,+67 8497100471,2026-03-26
SAL0502,Morgan Brown,PAY0188,morganbrown@example.com,+3 4831693156,2026-03-27
SAL0546,Jamie Wilson,PAY0120,jamiewilson@example.com,+42 1861379367,2026-03-28
SAL0847,Jamie Thomas,PAY0313,jamiethomas@example.com,+37 5800273809,2026-03-29
SAL0520,Avery Thomas,PAY0245,averythomas@example.com,+20 5971407550,2026-03-30
SAL0345,Alex Moore,PAY0121,alexmoore@example.com,+15 3207873733,2026-03-31
SAL0608,Quinn Brown,PAY0843,quinnbrown@example.com,+27 7625110398,2026-04-01
SAL0307,Quinn Taylor,PAY0138,quinntaylor@example.com,+71 6662849574,2026-04-02
SAL0758,Morgan Brown,PAY0689,morganbrown@example.com,+19 8748133196,2026-04-03
SAL0632,Morgan Jackson,PAY0087,morganjackson@example.com,+74 2051515688,2026-04-04
SAL0909,Morgan Anderson,PAY0605,morgananderson@example.com,+10 9127122242,2026-04-05
SAL0167,Alex Taylor,PAY0630,alextaylor@example.com,+70 2905452099,2026-04-06
SAL0945,Casey Davis,PAY0305,caseydavis@example.com,+17 5419489933,2026-04-07
SAL0628,Riley Jackson,PAY0898,rileyjackson@example.com,+87 1216706931,2026-04-08
SAL0925,Jordan Anderson,PAY0723,jordananderson@example.com,+50 1231068718,2026-04-09
SAL0144,Taylor Thomas,PAY0690,taylorthomas@example.com,+55 2683269674,2026-04-10
SAL0917,Taylor Wilson,PAY0177,taylorwilson@example.com,+91 8298719245,2026-04-11
SAL0621,Riley Davis,PAY0633,rileydavis@example.com,+79 6822362090,2026-04-12
SAL0153,Casey Jackson,PAY0850,caseyjackson@example.com,+43 4510886562,2026-04-13
SAL0468,Riley Anderson,PAY0361,rileyanderson@example.com,+92 8578161787,2026-04-14
SAL0532,Jordan Taylor,PAY0918,jordantaylor@example.com,+73 1566056427,2026-04-15
SAL0486,Avery Thomas,PAY0849,averythomas@example.com,+90 3011229698,2026-04-16
SAL0824,Robin Brown,PAY0602,robinbrown@example.com,+59 8587031776,2026-04-17
SAL0342,Taylor Jackson,PAY0402,taylorjackson@example.com,+61 1961189885,2026-04-18
SAL0731,Morgan Wilson,PAY0626,morganwilson@example.com,+79 6855970349,2026-04-19
SAL0141,Alex Anderson,PAY0398,alexanderson@example.com,+24 8151896308,2026-04-20
SAL0040,Casey Thomas,PAY0612,caseythomas@example.com,+42 7241803245,2026-04-21
SAL0880,Jamie Thomas,PAY0321,jamiethomas@example.com,+4 5575708685,2026-04-22
SAL0042,Jamie Wilson,PAY0655,jamiewilson@example.com,+15 6804394126,2026-04-23
SAL0513,Jamie Brown,PAY0541,jamiebrown@example.com,+60 4632538452,2026-04-24
SAL0412,Jordan Anderson,PAY0502,jordananderson@example.com,+37 8593250984,2026-04-25
SAL0522,Avery Brown,PAY0687,averybrown@example.com,+78 3468224333,2026-04-26
SAL0617,Robin Johnson,PAY0269,robinjohnson@example.com,+66 5737057771,2026-04-27
SAL0204,Taylor Anderson,PAY0117,tayloranderson@example.com,+92 4422048585,2026-04-28
SAL0960,Casey Smith,PAY0469,caseysmith@example.com,+42 7274839226,2026-04-29
SAL0774,Robin Smith,PAY0202,robinsmith@example.com,+76 2775719463,2026-04-30
SAL0881,Robin Thomas,PAY0334,robinthomas@example.com,+80 7366750668,2026-05-01
SAL0572,Casey Davis,PAY0375,caseydavis@example.com,+9 2463356163,2026-05-02
SAL0348,Robin Johnson,PAY0192,robinjohnson@example.com,+89 7833164976,2026-05-03
SAL0814,Casey Davis,PAY0984,caseydavis@example.com,+56 3981279224,2026-05-04
SAL0383,Alex Moore,PAY0819,alexmoore@example.com,+23 9924488511,2026-05-05
SAL0404,Jamie Moore,PAY0105,jamiemoore@example.com,+92 3090061251,2026-05-06
SAL0937,Morgan Brown,PAY0592,morganbrown@example.com,+76 7855092056,2026-05-07
SAL0132,Alex Wilson,PAY0065,alexwilson@example.com,+42 3384083537,2026-05-08
SAL0122,Riley Brown,PAY0962,rileybrown@example.com,+57 6051628882,2026-05-09
SAL0626,Riley Anderson,PAY0829,rileyanderson@example.com,+52 9888897104,2026-05-10
SAL0697,Quinn Smith,PAY0721,quinnsmith@example.com,+14 8816263800,2026-05-11
SAL0639,Jamie Smith,PAY0964,jamiesmith@example.com,+42 3835386061,2026-05-12
SAL0846,Jordan Davis,PAY0286,jordandavis@example.com,+12 4478233603,2026-05-13
SAL0287,Morgan Thomas,PAY0211,morganthomas@example.com,+97 5935846979,2026-05-14
SAL0564,Quinn Thomas,PAY0220,quinnthomas@example.com,+69 6546964238,2026-05-15
SAL0958,Robin Johnson,PAY0722,robinjohnson@example.com,+79 7777163837,2026-05-16
SAL0462,Jordan Davis,PAY0005,jordandavis@example.com,+26 9063480483,2026-05-17
SAL0517,Jordan Johnson,PAY0399,jordanjohnson@example.com,+39 9973421080,2026-05-18
SAL0396,Alex Davis,PAY0440,alexdavis@example.com,+2 7487221152,2026-05-19
SAL0076,Robin Jackson,PAY0607,robinjackson@example.com,+17 8956449152,2026-05-20
SAL0296,Riley Johnson,PAY0461,rileyjohnson@example.com,+8 1228180081,2026-05-21
SAL0567,Jamie Anderson,PAY0203,jamieanderson@example.com,+91 9498435585,2026-05-22
SAL0372,Quinn Thomas,PAY0629,quinnthomas@example.com,+15 8993998614,2026-05-23
SAL0200,Alex Thomas,PAY0756,alexthomas@example.com,+4 6305320432,2026-05-24
SAL0947,Quinn Davis,PAY0030,quinndavis@example.com,+90 7829701852,2026-05-25
SAL0584,Morgan Wilson,PAY0406,morganwilson@example.com,+81 6939036170,2026-05-26
SAL0053,Robin Smith,PAY0443,robinsmith@example.com,+49 6039758047,2026-05-27
SAL0411,Quinn Moore,PAY0976,quinnmoore@example.com,+18 9265587451,2026-05-28
SAL0047,Taylor Jackson,PAY0656,taylorjackson@example.com,+54 5957540284,2026-05-29
SAL0884,Robin Brown,PAY0191,robinbrown@example.com,+86 1539229515,2026-05-30
SAL0413,Jamie Thomas,PAY0189,jamiethomas@example.com,+2 9898081286,2026-05-31
SAL0783,Casey Johnson,PAY0645,caseyjohnson@example.com,+3 9095535261,2026-06-01
SAL0375,Avery Thomas,PAY0415,averythomas@example.com,+85 5252952412,2026-06-02
SAL0745,Avery Thomas,PAY0817,averythomas@example.com,+11 8756460189,2026-06-03
SAL0271,Avery Smith,PAY0238,averysmith@example.com,+59 9290622669,2026-06-04
SAL0138,Robin Anderson,PAY0474,robinanderson@example.com,+80 6067191149,2026-06-05
SAL0442,Alex Taylor,PAY0437,alextaylor@example.com,+66 8817147252,2026-06-06
SAL0111,Casey Wilson,PAY0574,caseywilson@example.com,+50 2526032931,2026-06-07
SAL0868,Alex Moore,PAY0339,alexmoore@example.com,+24 9621846170,2026-06-08
SAL0009,Jamie Moore,PAY0164,jamiemoore@example.com,+64 7449876106,2026-06-09
SAL0550,Taylor Johnson,PAY0566,taylorjohnson@example.com,+53 7770381816,2026-06-10
SAL0293,Quinn Moore,PAY0179,quinnmoore@example.com,+5 5201480686,2026-06-11
SAL0482,Morgan Smith,PAY0529,morgansmith@example.com,+73 2583033048,2026-06-12
SAL0689,Casey Thomas,PAY0250,caseythomas@example.com,+75 3965663196,2026-06-13
SAL0670,Casey Brown,PAY0759,caseybrown@example.com,+19 6495068652,2026-06-14
SAL0864,Riley Anderson,PAY0169,rileyanderson@example.com,+67 9925949659,2026-06-15
SAL0612,Morgan Brown,PAY0820,morganbrown@example.com,+79 1379874179,2026-06-16
SAL0507,Jamie Anderson,PAY0967,jamieanderson@example.com,+61 3872118270,2026-06-17
SAL0289,Alex Wilson,PAY0979,alexwilson@example.com,+88 4343748592,2026-06-18
SAL0936,Taylor Smith,PAY0664,taylorsmith@example.com,+61 9186444252,2026-06-19
SAL0050,Taylor Smith,PAY0924,taylorsmith@example.com,+74 8446676790,2026-06-20
SAL0362,Casey Wilson,PAY0870,caseywilson@example.com,+54 6560341732,2026-06-21
SAL0598,Avery Taylor,PAY0024,averytaylor@example.com,+22 9741659629,2026-06-22
SAL0221,Avery Anderson,PAY0118,averyanderson@example.com,+77 8513724361,2026-06-23
SAL0247,Jordan Smith,PAY0728,jordansmith@example.com,+94 2118594780,2026-06-24
SAL0469,Taylor Wilson,PAY0830,taylorwilson@example.com,+81 9811640292,2026-06-25
SAL0518,Casey Smith,PAY0970,caseysmith@example.com,+38 3681421120,2026-06-26
SAL0403,Casey Wilson,PAY0308,caseywilson@example.com,+37 3082029167,2026-06-27
SAL0093,Jamie Moore,PAY0069,jamiemoore@example.com,+17 3171518770,2026-06-28
SAL0024,Robin Taylor,PAY0327,robintaylor@example.com,+36 2082550715,2026-06-29
SAL0987,Riley Taylor,PAY0464,rileytaylor@example.com,+79 6501732573,2026-06-30
SAL0316,Casey Brown,PAY0714,caseybrown@example.com,+33 9650936041,2026-07-01
SAL0901,Riley Anderson,PAY0740,rileyanderson@example.com,+15 3593393772,2026-07-02
SAL0918,Casey Thomas,PAY0449,caseythomas@example.com,+76 4173840107,2026-07-03
SAL0479,Jordan Johnson,PAY0100,jordanjohnson@example.com,+85 7213328054,2026-07-04
SAL0948,Robin Johnson,PAY0488,robinjohnson@example.com,+23 4009805180,2026-07-05
SAL0511,Robin Jackson,PAY0926,robinjackson@example.com,+63 5437090032,2026-07-06
SAL0927,Morgan Thomas,PAY0935,morganthomas@example.com,+11 5154717862,2026-07-07
SAL0782,Jordan Moore,PAY0534,jordanmoore@example.com,+77 9562384841,2026-07-08
SAL0195,Jamie Johnson,PAY0212,jamiejohnson@example.com,+99 2645689727,2026-07-09
SAL0959,Casey Wilson,PAY0804,caseywilson@example.com,+85 3738362362,2026-07-10
SAL0739,Jordan Anderson,PAY0467,jordananderson@example.com,+27 8910612643,2026-07-11
SAL0592,Quinn Taylor,PAY0352,quinntaylor@example.com,+7 8053457714,2026-07-12
SAL0336,Morgan Anderson,PAY0320,morgananderson@example.com,+97 4519858899,2026-07-13
SAL0834,Casey Anderson,PAY0357,caseyanderson@example.com,+7 6014805529,2026-07-14
SAL0164,Alex Moore,PAY0146,alexmoore@example.com,+52 7340367905,2026-07-15
SAL0924,Quinn Taylor,PAY0748,quinntaylor@example.com,+61 3287159563,2026-07-16
SAL0887,Jordan Smith,PAY0852,jordansmith@example.com,+49 6970307272,2026-07-17
SAL0255,Jamie Taylor,PAY0119,jamietaylor@example.com,+34 9032781720,2026-07-18
SAL0429,Casey Thomas,PAY0980,caseythomas@example.com,+2 8719383556,2026-07-19
SAL0631,Morgan Smith,PAY0426,morgansmith@example.com,+49 8209074298,2026-07-20
SAL0885,Morgan Jackson,PAY0303,morganjackson@example.com,+68 1176169319,2026-07-21
SAL0394,Riley Smith,PAY0108,rileysmith@example.com,+69 8032683189,2026-07-22
SAL0298,Morgan Johnson,PAY0495,morganjohnson@example.com,+56 6465734977,2026-07-23
SAL0052,Taylor Moore,PAY0026,taylormoore@example.com,+35 5717062885,2026-07-24
SAL0100,Casey Taylor,PAY0354,caseytaylor@example.com,+84 7803987709,2026-07-25
SAL0145,Quinn Smith,PAY0155,quinnsmith@example.com,+60 4217320974,2026-07-26
SAL0254,Quinn Brown,PAY0513,quinnbrown@example.com,+94 4309260670,2026-07-27
SAL0461,Riley Moore,PAY0708,rileymoore@example.com,+67 6067703428,2026-07-28
SAL0274,Casey Anderson,PAY0603,caseyanderson@example.com,+71 9635366717,2026-07-29
SAL0126,Jamie Jackson,PAY0696,jamiejackson@example.com,+2 4572079205,2026-07-30
SAL0478,Morgan Thomas,PAY0791,morganthomas@example.com,+2 2766300020,2026-07-31
SAL0248,Casey Taylor,PAY0475,caseytaylor@example.com,+68 7210274473,2026-08-01
SAL0956,Casey Wilson,PAY0401,caseywilson@example.com,+29 8409895157,2026-08-02
SAL0109,Taylor Johnson,PAY0384,taylorjohnson@example.com,+33 1829270292,2026-08-03
SAL0576,Alex Brown,PAY0457,alexbrown@example.com,+4 3660290823,2026-08-04
SAL0528,Riley Thomas,PAY0227,rileythomas@example.com,+8 4588269668,2026-08-05
SAL0380,Robin Thomas,PAY0590,robinthomas@example.com,+77 3740545127,2026-08-06
SAL0779,Jamie Wilson,PAY0705,jamiewilson@example.com,+91 5113699666,2026-08-07
SAL0134,Jordan Anderson,PAY0595,jordananderson@example.com,+12 5852914708,2026-08-08
SAL0409,Taylor Jackson,PAY0572,taylorjackson@example.com,+85 6086370835,2026-08-09
SAL0354,Jordan Anderson,PAY0532,jordananderson@example.com,+38 5020871331,2026-08-10
SAL0882,Taylor Johnson,PAY0765,taylorjohnson@example.com,+82 9569522233,2026-08-11
SAL0752,Morgan Johnson,PAY0523,morganjohnson@example.com,+99 6683977453,2026-08-12
SAL0327,Riley Brown,PAY0228,rileybrown@example.com,+21 4353215401,2026-08-13
SAL0736,Riley Johnson,PAY0265,rileyjohnson@example.com,+36 4337644657,2026-08-14
SAL0883,Casey Moore,PAY0101,caseymoore@example.com,+49 6963950489,2026-08-15
SAL0321,Jamie Thomas,PAY0011,jamiethomas@example.com,+8 8785920419,2026-08-16
SAL0148,Avery Wilson,PAY0109,averywilson@example.com,+23 2892254518,2026-08-17
SAL0622,Jordan Brown,PAY0441,jordanbrown@example.com,+63 2686352103,2026-08-18
SAL0349,Morgan Moore,PAY0816,morganmoore@example.com,+83 3113370001,2026-08-19
SAL0209,Avery Davis,PAY0340,averydavis@example.com,+19 2852220019,2026-08-20
SAL0476,Jamie Davis,PAY0771,jamiedavis@example.com,+79 3763116394,2026-08-21
SAL0496,Morgan Davis,PAY0410,morgandavis@example.com,+57 8367588279,2026-08-22
SAL0426,Riley Smith,PAY0972,rileysmith@example.com,+14 1149726408,2026-08-23
SAL0451,Casey Thomas,PAY0694,caseythomas@example.com,+10 2915048861,2026-08-24
SAL0162,Quinn Moore,PAY0661,quinnmoore@example.com,+64 3750219066,2026-08-25
SAL0062,Riley Thomas,PAY0577,rileythomas@example.com,+5 8149427618,2026-08-26
SAL0706,Morgan Jackson,PAY0046,morganjackson@example.com,+35 9605842084,2026-08-27
SAL0075,Jamie Johnson,PAY0628,jamiejohnson@example.com,+91 7402419515,2026-08-28
SAL0465,Jordan Taylor,PAY0663,jordantaylor@example.com,+56 9891010459,2026-08-29
SAL0305,Riley Thomas,PAY0171,rileythomas@example.com,+29 5309172294,2026-08-30
SAL0416,Robin Taylor,PAY0364,robintaylor@example.com,+89 3070459171,2026-08-31
SAL0702,Quinn Johnson,PAY0681,quinnjohnson@example.com,+73 9553862785,2026-09-01
SAL0827,Morgan Moore,PAY0674,morganmoore@example.com,+43 8223429499,2026-09-02
SAL0825,Jamie Anderson,PAY0255,jamieanderson@example.com,+52 9826993893,2026-09-03
SAL0251,Riley Thomas,PAY0788,rileythomas@example.com,+83 5684378987,2026-09-04
SAL0495,Casey Brown,PAY0112,caseybrown@example.com,+69 2460558581,2026-09-05
SAL0310,Avery Jackson,PAY0088,averyjackson@example.com,+59 1872395778,2026-09-06
SAL0980,Morgan Brown,PAY0937,morganbrown@example.com,+71 6115319619,2026-09-07
SAL0658,Robin Thomas,PAY0654,robinthomas@example.com,+90 8253523668,2026-09-08
SAL0297,Alex Johnson,PAY0609,alexjohnson@example.com,+63 8012785094,2026-09-09
SAL0559,Avery Brown,PAY0550,averybrown@example.com,+95 1813743830,2026-09-10
SAL0643,Jordan Brown,PAY0832,jordanbrown@example.com,+5 1829326917,2026-09-11
SAL0911,Morgan Moore,PAY0917,morganmoore@example.com,+93 6319253135,2026-09-12
SAL0510,Taylor Moore,PAY0719,taylormoore@example.com,+50 6616661361,2026-09-13
SAL0032,Avery Wilson,PAY0369,averywilson@example.com,+69 8781527616,2026-09-14
SAL0655,Jamie Wilson,PAY0810,jamiewilson@example.com,+3 5454064409,2026-09-15
SAL0633,Taylor Thomas,PAY0038,taylorthomas@example.com,+8 4096722936,2026-09-16
SAL0427,Jordan Brown,PAY0557,jordanbrown@example.com,+52 1507609787,2026-09-17
SAL0586,Jordan Jackson,PAY0429,jordanjackson@example.com,+84 3488270884,2026-09-18
SAL0786,Avery Johnson,PAY0709,averyjohnson@example.com,+10 9748322973,2026-09-19
SAL0216,Avery Brown,PAY0891,averybrown@example.com,+19 5376842282,2026-09-20
SAL0667,Quinn Jackson,PAY0943,quinnjackson@example.com,+80 1196716790,2026-09-21
SAL0272,Morgan Brown,PAY0946,morganbrown@example.com,+90 3786516452,2026-09-22
SAL0591,Quinn Jackson,PAY0519,quinnjackson@example.com,+2 4408903107,2026-09-23
SAL0790,Casey Jackson,PAY0548,caseyjackson@example.com,+59 3625195227,2026-09-24
SAL0657,Alex Smith,PAY0411,alexsmith@example.com,+76 4511008639,2026-09-25
SAL0972,Jamie Smith,PAY0597,jamiesmith@example.com,+15 1947351792,2026-09-26
SAL0419,Morgan Johnson,PAY0412,morganjohnson@example.com,+1 7649520759,2025-06-05
SAL0710,Jamie Moore,PAY0828,jamiemoore@example.com,+94 5079161918,2026-01-07
SAL0785,Robin Wilson,PAY0857,robinwilson@example.com,+43 1644630523,2026-01-10
SAL0061,Riley Thomas,PAY0743,rileythomas@example.com,+40 7227967023,2025-10-22
SAL0219,Jamie Davis,PAY0019,jamiedavis@example.com,+2 2228388623,2025-02-15
SAL0424,Avery Moore,PAY0649,averymoore@example.com,+45 8234062195,2025-11-09
SAL0470,Quinn Davis,PAY0770,quinndavis@example.com,+83 2290179211,2025-09-18
SAL0385,Robin Brown,PAY0160,robinbrown@example.com,+34 5963769028,2025-05-28
SAL0122,Riley Brown,PAY0962,rileybrown@example.com,+57 6051628882,2026-05-09
SAL0408,Taylor Wilson,PAY0244,taylorwilson@example.com,+65 1725783958,2024-05-16
SAL0018,Casey Smith,PAY0841,caseysmith@example.com,+50 3243454164,2026-03-22
SAL0432,Avery Smith,PAY0074,averysmith@example.com,+77 4439688162,2024-03-17
SAL0787,Casey Smith,PAY0001,caseysmith@example.com,+94 9578627236,2025-09-28
SAL0416,Robin Taylor,PAY0364,robintaylor@example.com,+89 3070459171,2026-08-31
SAL0254,Quinn Brown,PAY0513,quinnbrown@example.com,+94 4309260670,2026-07-27
SAL0289,Alex Wilson,PAY0979,alexwilson@example.com,+88 4343748592,2026-06-18
SAL0952,Jordan Anderson,PAY0404,jordananderson@example.com,+87 9615270274,2024-10-07
SAL0375,Avery Thomas,PAY0415,averythomas@example.com,+85 5252952412,2026-06-02
SAL0754,Jamie Brown,PAY0802,jamiebrown@example.com,+99 6580427322,2026-01-31
SAL0161,Riley Smith,PAY0757,rileysmith@example.com,+23 4549548567,2024-11-15
SAL0759,Alex Anderson,PAY0754,alexanderson@example.com,+95 5271497065,2025-07-03
SAL0620,Jamie Johnson,PAY0057,jamiejohnson@example.com,+54 2881894932,2024-06-23
SAL0041,Taylor Anderson,PAY0125,tayloranderson@example.com,+53 3580582653,2025-01-06
SAL0066,Riley Thomas,PAY0662,rileythomas@example.com,+37 6449549092,2025-06-11
SAL0022,Jordan Davis,PAY0390,jordandavis@example.com,+92 2451413560,2024-07-29
SAL0337,Jordan Taylor,PAY0338,jordantaylor@example.com,+19 4605117440,2024-08-23
SAL0359,Taylor Johnson,PAY0442,taylorjohnson@example.com,+34 7809974292,2024-04-11
SAL0510,Taylor Moore,PAY0719,taylormoore@example.com,+50 6616661361,2026-09-13
SAL0362,Casey Wilson,PAY0870,caseywilson@example.com,+54 6560341732,2026-06-21
SAL0528,Riley Thomas,PAY0227,rileythomas@example.com,+8 4588269668,2026-08-05
